0;5000;2015-08-26 오후 6:32:37;오전 12:00:32;408:Request Timeout;
3;5100;2015-07-24 오전 10:58:07;오전 12:00:33;Normal call clearing;
3;5100;2015-07-23 오후 4:17:58;오전 12:00:32;Normal call clearing;
3;5100;2015-07-23 오후 4:13:15;오전 12:00:32;Normal call clearing;
3;5100;2015-07-23 오후 3:57:05;오전 12:00:32;Normal call clearing;
3;5100;2015-07-23 오후 3:54:40;오전 12:00:32;Normal call clearing;
3;5100;2015-07-23 오후 3:51:59;오전 12:00:32;Normal call clearing;
3;5100;2015-07-23 오후 3:48:41;오전 12:00:32;Normal call clearing;
3;5100;2015-07-23 오후 3:45:53;오전 12:00:32;Normal call clearing;
3;5100;2015-07-23 오후 3:43:15;오전 12:00:33;Normal call clearing;
3;5100;2015-07-23 오후 3:42:33;오전 12:00:12;Normal call clearing;
3;5100;2015-07-23 오후 3:38:09;오전 12:00:31;Normal call clearing;
3;5100;2015-07-22 오후 4:30:16;오전 12:00:32;Normal call clearing;
3;5100;2015-07-22 오후 4:28:18;오전 12:00:32;Normal call clearing;
3;5100;2015-07-22 오후 4:10:43;오전 12:00:32;Normal call clearing;
3;5100;2015-07-22 오후 4:08:16;오전 12:00:32;Normal call clearing;
3;5100;2015-07-22 오후 3:59:06;오전 12:00:32;Normal call clearing;
3;5100;2015-07-22 오후 3:14:49;오전 12:00:33;Normal call clearing;
3;5100;2015-07-22 오후 3:13:44;오전 12:00:33;Normal call clearing;
3;5100;2015-07-22 오후 3:11:06;오전 12:00:33;Normal call clearing;
3;5100;2015-07-22 오후 3:09:26;오전 12:00:28;Normal call clearing;
3;5100;2015-07-22 오전 10:50:22;오전 12:00:37;Normal call clearing;
3;5100;2015-07-22 오전 10:31:56;오전 12:00:37;Normal call clearing;
0;;2015-07-22 오전 10:31:16;오전 12:00:19;Normal call clearing;
3;5100;2015-07-22 오전 10:30:11;오전 12:00:37;Normal call clearing;
3;5100;2015-07-22 오전 10:20:47;오전 12:00:08;Normal call clearing;
3;5100;2015-07-22 오전 10:19:25;오전 12:00:06;Normal call clearing;
3;5100;2015-07-22 오전 10:17:13;오전 12:00:16;Normal call clearing;
3;5100;2015-07-16 오후 1:50:53;오전 12:00:32;Normal call clearing;
3;5100;2015-07-16 오전 11:35:30;오전 12:00:32;Normal call clearing;
3;5100;2015-07-16 오전 11:28:43;오전 12:00:32;Normal call clearing;
1;5100;2015-07-16 오전 11:19:02;오전 12:00:00;500:Server Internal Error;
1;5100;2015-07-16 오전 11:17:46;오전 12:00:00;500:Server Internal Error;
1;5100;2015-07-16 오전 11:17:08;오전 12:00:00;500:Server Internal Error;
1;5100;2015-07-16 오전 11:16:10;오전 12:00:00;500:Server Internal Error;
1;5100;2015-07-16 오전 11:15:19;오전 12:00:00;500:Server Internal Error;
1;5100;2015-07-16 오전 11:13:50;오전 12:00:00;500:Server Internal Error;
0;5300;2015-07-16 오전 11:13:45;오전 12:00:00;503:Service Unavailable;
1;5100;2015-07-16 오전 11:13:38;오전 12:00:00;500:Server Internal Error;
0;5100;2015-07-16 오전 11:13:32;오전 12:00:00;503:Service Unavailable;
0;5100;2015-07-16 오전 11:12:18;오전 12:00:05;Normal call clearing;
0;5100;2015-07-16 오전 11:11:28;오전 12:00:18;Normal call clearing;
3;5100;2015-07-16 오전 11:05:50;오전 12:00:32;Normal call clearing;
3;5100;2015-07-16 오전 10:28:25;오전 12:00:32;Normal call clearing;
3;5100;2015-07-16 오전 10:26:38;오전 12:00:32;Normal call clearing;
3;5100;2015-07-16 오전 10:25:36;오전 12:00:33;Normal call clearing;
3;5100;2015-07-16 오전 10:25:03;오전 12:00:31;Normal call clearing;
3;5100;2015-07-16 오전 10:22:14;오전 12:00:08;Normal call clearing;
1;5100;2015-07-16 오전 10:17:14;오전 12:00:00;500:Server Internal Error;
1;5100;2015-07-16 오전 10:16:52;오전 12:00:00;500:Server Internal Error;
1;5100;2015-07-16 오전 10:16:40;오전 12:00:00;500:Server Internal Error;
3;5100;2015-07-16 오전 10:15:28;오전 12:00:00;Normal call clearing;
3;5100;2015-07-16 오전 10:14:07;오전 12:00:00;Normal call clearing;
3;5100;2015-07-16 오전 10:13:39;오전 12:00:00;Normal call clearing;
3;5100;2015-07-16 오전 10:11:00;오전 12:00:00;Normal call clearing;
3;5100;2015-07-16 오전 10:10:12;오전 12:00:00;Normal call clearing;
3;5100;2015-07-16 오전 10:09:36;오전 12:00:00;Normal call clearing;
3;5100;2015-07-16 오전 10:07:42;오전 12:00:00;Normal call clearing;
3;5100;2015-07-16 오전 10:05:38;오전 12:00:00;Normal call clearing;
3;5100;2015-07-16 오전 10:04:16;오전 12:00:00;Normal call clearing;
3;5100;2015-07-16 오전 10:03:46;오전 12:00:00;Normal call clearing;
3;5000;2015-07-16 오전 10:00:22;오전 12:00:02;Normal call clearing;
0;6300;2015-07-16 오전 9:59:25;오전 12:00:00;503:Service Unavailable;
0;7100;2015-07-16 오전 9:58:25;오전 12:00:00;503:Service Unavailable;
0;7100;2015-07-16 오전 9:57:53;오전 12:00:00;503:Service Unavailable;
0;;2015-07-16 오전 9:57:47;오전 12:00:02;Normal call clearing;
0;7100;2015-07-16 오전 9:57:45;오전 12:00:00;503:Service Unavailable;
3;5000;2015-07-16 오전 9:55:47;오전 12:00:06;Normal call clearing;
3;5000;2015-07-16 오전 9:55:33;오전 12:00:03;Normal call clearing;
0;6300;2015-07-16 오전 9:54:16;오전 12:00:00;503:Service Unavailable;
0;6300;2015-07-16 오전 9:53:31;오전 12:00:00;503:Service Unavailable;
0;6300;2015-07-16 오전 9:53:29;오전 12:00:00;503:Service Unavailable;
0;6300;2015-07-16 오전 9:51:37;오전 12:00:00;503:Service Unavailable;
0;6300;2015-07-16 오전 9:51:30;오전 12:00:00;503:Service Unavailable;
3;5100;2015-07-16 오전 9:49:57;오전 12:00:00;Normal call clearing;
0;6300;2015-07-16 오전 9:49:17;오전 12:00:00;503:Service Unavailable;
0;6300;2015-07-16 오전 9:49:11;오전 12:00:00;503:Service Unavailable;
3;5100;2015-07-16 오전 9:48:01;오전 12:00:00;Normal call clearing;
3;5100;2015-07-16 오전 9:47:30;오전 12:00:00;Normal call clearing;
0;6300;2015-07-16 오전 9:47:24;오전 12:00:00;503:Service Unavailable;
0;6300;2015-07-16 오전 9:46:39;오전 12:00:00;503:Service Unavailable;
0;6300;2015-07-16 오전 9:46:38;오전 12:00:00;503:Service Unavailable;
0;6300;2015-07-16 오전 9:46:35;오전 12:00:00;503:Service Unavailable;
0;6300;2015-07-16 오전 9:45:33;오전 12:00:00;503:Service Unavailable;
0;6300;2015-07-16 오전 9:43:50;오전 12:00:00;503:Service Unavailable;
0;6300;2015-07-16 오전 9:43:19;오전 12:00:00;503:Service Unavailable;
0;6300;2015-07-16 오전 9:43:15;오전 12:00:00;503:Service Unavailable;
0;6300;2015-07-16 오전 9:42:43;오전 12:00:00;503:Service Unavailable;
3;5100;2015-07-16 오전 9:41:42;오전 12:00:00;Normal call clearing;
1;5100;2015-07-16 오전 9:41:01;오전 12:00:00;500:Server Internal Error;
1;5100;2015-07-16 오전 9:40:14;오전 12:00:00;500:Server Internal Error;
1;5100;2015-07-16 오전 9:37:13;오전 12:00:00;500:Server Internal Error;
1;5100;2015-07-16 오전 9:36:23;오전 12:00:00;500:Server Internal Error;
1;5100;2015-07-16 오전 9:35:00;오전 12:00:00;500:Server Internal Error;
1;5100;2015-07-16 오전 9:34:43;오전 12:00:00;500:Server Internal Error;
1;5100;2015-07-16 오전 9:34:03;오전 12:00:00;500:Server Internal Error;
0;6100;2015-07-16 오전 9:33:49;오전 12:00:00;503:Service Unavailable;
0;6300;2015-07-16 오전 9:33:20;오전 12:00:00;503:Service Unavailable;
0;5500;2015-07-16 오전 9:32:32;오전 12:00:00;503:Service Unavailable;
1;5100;2015-07-16 오전 9:32:25;오전 12:00:00;500:Server Internal Error;
0;6000;2015-07-16 오전 9:32:20;오전 12:00:00;503:Service Unavailable;
0;7100;2015-07-16 오전 9:32:13;오전 12:00:00;503:Service Unavailable;
3;5500;2015-07-01 오후 2:02:02;오전 12:00:01;Normal call clearing;
0;5500;2015-07-01 오후 2:01:03;오전 12:00:00;500:Server Internal Error;
0;5500;2015-07-01 오후 1:59:10;오전 12:00:00;500:Server Internal Error;
3;5500;2015-07-01 오후 1:53:34;오전 12:00:35;Normal call clearing;
3;5500;2015-07-01 오후 1:51:33;오전 12:01:12;Normal call clearing;
0;5500;2015-07-01 오후 1:50:01;오전 12:00:00;500:Server Internal Error;
0;5500;2015-07-01 오후 1:49:03;오전 12:00:00;500:Server Internal Error;
0;5000;2015-07-01 오후 1:48:47;오전 12:00:00;500:Server Internal Error;
0;5500;2015-07-01 오후 1:48:41;오전 12:00:00;500:Server Internal Error;
0;5500;2015-07-01 오후 1:48:37;오전 12:00:00;500:Server Internal Error;
3;5500;2015-07-01 오후 1:47:50;오전 12:00:03;Normal call clearing;
0;5500;2015-07-01 오후 1:47:26;오전 12:00:00;500:Server Internal Error;
0;5500;2015-07-01 오후 1:46:47;오전 12:00:00;500:Server Internal Error;
3;5500;2015-07-01 오후 1:30:37;오전 12:00:23;Normal call clearing;
3;5500;2015-07-01 오후 1:19:15;오전 12:00:24;Normal call clearing;
3;5500;2015-07-01 오후 1:13:29;오전 12:00:36;Normal call clearing;
3;5500;2015-07-01 오전 11:38:35;오전 12:00:26;Normal call clearing;
3;5500;2015-07-01 오전 11:34:28;오전 12:00:27;Normal call clearing;
3;5500;2015-07-01 오전 11:32:30;오전 12:00:35;Normal call clearing;
3;5500;2015-07-01 오전 11:30:40;오전 12:00:53;Normal call clearing;
0;5500;2015-07-01 오전 11:29:04;오전 12:00:00;500:Server Internal Error;
3;5500;2015-07-01 오전 11:01:31;오전 12:00:36;Normal call clearing;
3;5500;2015-06-30 오전 11:12:19;오전 12:00:33;Normal call clearing;
3;5500;2015-06-30 오전 11:11:27;오전 12:00:43;Normal call clearing;
3;5500;2015-06-30 오전 11:10:53;오전 12:00:19;Normal call clearing;
0;;2015-06-30 오전 11:10:49;오전 12:00:01;Normal call clearing;
3;5500;2015-06-30 오전 11:10:17;오전 12:00:01;Normal call clearing;
3;5000;2015-06-30 오전 11:00:57;오전 12:00:12;Normal call clearing;
3;5000;2015-06-26 오후 4:09:52;오전 12:00:03;Normal call clearing;
0;;2015-06-26 오후 4:09:46;오전 12:00:01;Normal call clearing;
3;5000;2015-06-26 오후 4:09:27;오전 12:00:14;Normal call clearing;
3;5100;2015-06-25 오후 2:46:05;오전 12:00:25;Normal call clearing;
3;5100;2015-06-25 오후 2:38:20;오전 12:00:26;Normal call clearing;
3;5100;2015-06-25 오후 2:37:38;오전 12:00:25;Normal call clearing;
3;5100;2015-06-25 오후 2:32:08;오전 12:00:23;Normal call clearing;
3;5100;2015-06-25 오후 2:17:22;오전 12:00:23;Normal call clearing;
3;5100;2015-06-25 오후 2:12:17;오전 12:00:23;Normal call clearing;
3;5100;2015-06-25 오후 2:08:02;오전 12:00:15;Normal call clearing;
3;5100;2015-06-25 오후 1:55:19;오전 12:00:24;Normal call clearing;
3;5100;2015-06-25 오후 1:54:54;오전 12:00:15;Normal call clearing;
3;5100;2015-06-25 오후 1:49:21;오전 12:00:17;Normal call clearing;
3;5000;2015-06-25 오후 1:47:20;오전 12:00:20;Normal call clearing;
3;5000;2015-06-25 오후 1:45:27;오전 12:00:10;Normal call clearing;
3;5000;2015-06-25 오후 1:20:13;오전 12:00:51;Normal call clearing;
3;5000;2015-06-25 오후 1:18:36;오전 12:00:04;Normal call clearing;
3;5000;2015-06-25 오후 1:11:40;오전 12:02:36;Normal call clearing;
3;5000;2015-06-25 오후 1:10:11;오전 12:01:25;Normal call clearing;
3;5000;2015-06-25 오후 1:06:16;오전 12:00:09;Normal call clearing;
3;5000;2015-06-25 오후 12:59:17;오전 12:00:28;Normal call clearing;
3;5000;2015-06-25 오후 12:58:16;오전 12:00:26;Normal call clearing;
3;5000;2015-06-25 오후 12:55:09;오전 12:00:13;Normal call clearing;
3;5000;2015-06-25 오후 12:54:41;오전 12:00:04;Normal call clearing;
0;5500;2015-06-23 오후 6:56:13;오전 12:00:00;500:Server Internal Error;
0;5500;2015-06-23 오후 6:55:51;오전 12:00:00;500:Server Internal Error;
3;5500;2015-06-23 오후 6:52:59;오전 12:00:05;Normal call clearing;
3;5500;2015-06-23 오후 6:52:12;오전 12:00:05;Normal call clearing;
3;5500;2015-06-23 오후 6:44:45;오전 12:00:28;Normal call clearing;
3;5500;2015-06-23 오후 6:44:04;오전 12:00:24;Normal call clearing;
3;5500;2015-06-23 오후 6:38:49;오전 12:00:12;Normal call clearing;
3;5500;2015-06-23 오후 6:38:35;오전 12:00:04;Normal call clearing;
0;5500;2015-06-23 오후 6:36:16;오전 12:00:32;408:Request Timeout;
0;5500;2015-06-23 오후 6:35:05;오전 12:00:04;Normal call clearing;
0;6000;2015-06-23 오후 6:34:07;오전 12:00:04;Normal call clearing;
0;6000;2015-06-23 오후 6:33:32;오전 12:00:18;Normal call clearing;
0;5500;2015-06-23 오후 2:17:33;오전 12:00:00;500:Server Internal Error;
0;5500;2015-06-23 오후 2:16:50;오전 12:00:00;500:Server Internal Error;
3;6000;2015-06-23 오후 2:16:31;오전 12:00:03;Normal call clearing;
3;6000;2015-06-22 오후 5:14:53;오전 12:00:27;Normal call clearing;
3;6000;2015-06-22 오후 5:12:26;오전 12:00:15;Normal call clearing;
3;6000;2015-06-22 오후 5:12:13;오전 12:00:01;Normal call clearing;
3;5501;2015-06-18 오후 6:25:24;오전 12:01:25;Normal call clearing;
3;5501;2015-06-18 오후 6:22:28;오전 12:01:07;Normal call clearing;
3;5500;2015-06-18 오후 6:18:34;오전 12:03:33;Normal call clearing;
3;5500;2015-06-18 오후 6:17:18;오전 12:00:08;Normal call clearing;
3;5500;2015-06-18 오후 6:16:24;오전 12:00:06;Normal call clearing;
3;5500;2015-06-18 오후 6:15:47;오전 12:00:02;Normal call clearing;
3;6000;2015-06-18 오후 6:07:56;오전 12:00:36;Normal call clearing;
3;6000;2015-06-18 오후 5:44:47;오전 12:00:42;Normal call clearing;
0;quit;2015-06-18 오후 5:44:36;오전 12:00:04;404:Not Found;
0;quit;2015-06-18 오후 5:39:51;오전 12:00:05;404:Not Found;
3;6000;2015-06-18 오후 5:39:26;오전 12:00:35;Normal call clearing;
3;6000;2015-06-18 오후 5:39:14;오전 12:00:09;Normal call clearing;
3;6000;2015-06-18 오후 5:38:31;오전 12:00:32;Normal call clearing;
3;6000;2015-06-18 오후 5:34:46;오전 12:00:29;Normal call clearing;
1;6000;2015-06-18 오후 5:30:09;오전 12:00:39;Normal call clearing;
0;;2015-06-18 오후 5:29:49;오전 12:00:05;Normal call clearing;
3;6000;2015-06-18 오후 5:28:24;오전 12:01:21;Normal call clearing;
3;6000;2015-06-18 오후 5:27:28;오전 12:00:29;Normal call clearing;
3;6000;2015-06-18 오후 5:26:13;오전 12:00:11;Normal call clearing;
3;6000;2015-06-18 오후 5:24:37;오전 12:00:09;Normal call clearing;
3;6000;2015-06-18 오후 5:24:10;오전 12:00:07;Normal call clearing;
3;6000;2015-06-18 오후 5:22:36;오전 12:00:29;Normal call clearing;
0;6030;2015-06-18 오후 4:46:04;오전 12:00:03;Normal call clearing;
3;6010;2015-06-18 오후 4:45:52;오전 12:00:04;Normal call clearing;
3;6000;2015-06-18 오후 4:45:40;오전 12:00:04;Normal call clearing;
3;7000;2015-06-18 오후 4:42:52;오전 12:00:34;Normal call clearing;
3;7000;2015-06-18 오후 4:42:37;오전 12:00:08;Normal call clearing;
3;7000;2015-06-18 오후 4:32:55;오전 12:00:08;Normal call clearing;
3;7000;2015-06-18 오후 4:32:33;오전 12:00:05;Normal call clearing;
3;6000;2015-06-18 오후 4:31:06;오전 12:00:49;Normal call clearing;
0;6001;2015-06-18 오후 4:27:55;오전 12:00:00;403:Forbidden;
0;6000;2015-06-18 오후 4:27:51;오전 12:00:00;403:Forbidden;
0;6000;2015-06-18 오후 4:23:55;오전 12:00:00;403:Forbidden;
0;5000;2015-06-18 오후 4:23:15;오전 12:00:00;403:Forbidden;
0;6000;2015-06-18 오후 4:23:09;오전 12:00:00;403:Forbidden;
0;6000;2015-06-18 오후 4:19:15;오전 12:00:00;403:Forbidden;
0;6001;2015-06-18 오후 4:18:11;오전 12:00:00;403:Forbidden;
0;7000;2015-06-18 오후 4:18:00;오전 12:00:00;403:Forbidden;
0;6000;2015-06-18 오후 4:17:56;오전 12:00:00;403:Forbidden;
0;6000;2015-06-18 오후 4:17:27;오전 12:00:00;403:Forbidden;
0;7000;2015-06-18 오후 4:17:11;오전 12:00:00;403:Forbidden;
0;6000;2015-06-18 오후 4:17:07;오전 12:00:00;403:Forbidden;
0;9000;2015-06-17 오전 11:53:10;오전 12:00:00;486:Busy Here;
0;9000;2015-06-17 오전 11:52:44;오전 12:00:00;486:Busy Here;
0;5400;2015-06-17 오전 11:52:04;오전 12:00:00;486:Busy Here;
3;5000;2015-06-08 오후 4:35:57;오전 12:00:03;Normal call clearing;
3;5000;2015-06-08 오후 4:28:22;오전 12:00:04;Normal call clearing;
3;5000;2015-06-08 오후 4:25:49;오전 12:00:01;Normal call clearing;
3;5000;2015-06-08 오후 4:22:57;오전 12:00:01;Normal call clearing;
3;5000;2015-06-08 오후 4:22:06;오전 12:00:01;Normal call clearing;
3;5000;2015-06-08 오후 4:21:42;오전 12:00:01;Normal call clearing;
3;5000;2015-06-08 오후 3:32:16;오전 12:00:01;Normal call clearing;
3;5000;2015-06-08 오후 3:32:10;오전 12:00:01;Normal call clearing;
3;5000;2015-06-08 오후 3:32:01;오전 12:00:01;Normal call clearing;
3;5000;2015-06-08 오후 3:31:40;오전 12:00:01;Normal call clearing;
3;5000;2015-06-08 오후 3:31:33;오전 12:00:01;Normal call clearing;
3;5000;2015-06-08 오후 3:31:29;오전 12:00:01;Normal call clearing;
0;5000;2015-06-08 오후 3:08:26;오전 12:00:00;503:Service Unavailable;
0;5000;2015-06-08 오후 3:08:26;오전 12:00:00;503:Service Unavailable;
3;5000;2015-06-08 오후 3:08:25;오전 12:00:01;Normal call clearing;
0;5000;2015-06-08 오후 3:08:25;오전 12:00:01;503:Service Unavailable;
0;5000;2015-06-08 오후 3:08:25;오전 12:00:00;503:Service Unavailable;
0;5000;2015-06-08 오후 3:08:25;오전 12:00:00;503:Service Unavailable;
0;5000;2015-06-08 오후 3:08:25;오전 12:00:00;503:Service Unavailable;
0;5000;2015-06-08 오후 3:08:24;오전 12:00:00;503:Service Unavailable;
0;5000;2015-06-08 오후 3:08:24;오전 12:00:00;503:Service Unavailable;
0;5000;2015-06-08 오후 3:08:24;오전 12:00:00;503:Service Unavailable;
0;5000;2015-06-08 오후 3:08:23;오전 12:00:00;503:Service Unavailable;
0;5000;2015-06-08 오후 3:08:23;오전 12:00:00;503:Service Unavailable;
0;5000;2015-06-08 오후 3:08:23;오전 12:00:00;503:Service Unavailable;
0;5000;2015-06-08 오후 3:08:23;오전 12:00:00;503:Service Unavailable;
0;5000;2015-06-08 오후 3:08:22;오전 12:00:00;503:Service Unavailable;
0;5000;2015-06-08 오후 3:08:22;오전 12:00:00;503:Service Unavailable;
0;5000;2015-06-08 오후 3:08:22;오전 12:00:00;503:Service Unavailable;
0;5000;2015-06-08 오후 3:08:22;오전 12:00:01;503:Service Unavailable;
0;5000;2015-06-08 오후 3:08:22;오전 12:00:00;503:Service Unavailable;
3;5000;2015-06-08 오후 3:08:22;오전 12:00:02;;
0;5000;2015-06-08 오후 3:08:21;오전 12:00:00;503:Service Unavailable;
3;5000;2015-06-08 오후 3:08:20;오전 12:00:02;;
3;5000;2015-06-08 오후 3:08:16;오전 12:00:01;Normal call clearing;
3;5000;2015-06-08 오후 3:08:11;오전 12:00:01;Normal call clearing;
3;5000;2015-06-08 오후 3:08:02;오전 12:00:01;Normal call clearing;
0;5000;2015-06-08 오후 3:08:01;오전 12:00:00;503:Service Unavailable;
0;5000;2015-06-08 오후 3:08:00;오전 12:00:00;503:Service Unavailable;
3;5000;2015-06-08 오후 3:08:00;오전 12:00:02;;
0;5000;2015-06-08 오후 3:08:00;오전 12:00:01;503:Service Unavailable;
0;5000;2015-06-08 오후 3:08:00;오전 12:00:00;503:Service Unavailable;
0;5000;2015-06-08 오후 3:08:00;오전 12:00:00;503:Service Unavailable;
3;5000;2015-06-08 오후 3:07:44;오전 12:00:01;Normal call clearing;
3;5000;2015-06-08 오후 3:07:22;오전 12:00:01;Normal call clearing;
3;5000;2015-06-08 오후 3:07:11;오전 12:00:01;Normal call clearing;
3;5000;2015-06-08 오후 3:06:48;오전 12:00:01;Normal call clearing;
3;5000;2015-06-08 오후 3:06:41;오전 12:00:01;Normal call clearing;
3;5000;2015-06-08 오후 3:06:31;오전 12:00:01;Normal call clearing;
3;5000;2015-06-08 오후 3:06:25;오전 12:00:01;Normal call clearing;
3;5000;2015-06-08 오후 3:06:01;오전 12:00:01;Normal call clearing;
3;5000;2015-06-08 오후 3:05:56;오전 12:00:01;Normal call clearing;
3;5000;2015-06-08 오후 3:05:49;오전 12:00:01;Normal call clearing;
3;5000;2015-06-08 오후 3:05:44;오전 12:00:01;Normal call clearing;
3;5000;2015-06-08 오후 3:05:39;오전 12:00:01;Normal call clearing;
0;5000;2015-06-08 오후 3:05:37;오전 12:00:00;503:Service Unavailable;
0;5000;2015-06-08 오후 3:05:37;오전 12:00:00;503:Service Unavailable;
0;5000;2015-06-08 오후 3:05:37;오전 12:00:00;503:Service Unavailable;
0;5000;2015-06-08 오후 3:05:36;오전 12:00:00;503:Service Unavailable;
0;5000;2015-06-08 오후 3:05:36;오전 12:00:00;503:Service Unavailable;
3;5000;2015-06-08 오후 3:05:36;오전 12:00:02;;
0;5000;2015-06-08 오후 3:05:36;오전 12:00:01;503:Service Unavailable;
0;5000;2015-06-08 오후 3:05:36;오전 12:00:01;503:Service Unavailable;
0;5000;2015-06-08 오후 3:05:35;오전 12:00:00;503:Service Unavailable;
0;5000;2015-06-08 오후 3:05:35;오전 12:00:00;503:Service Unavailable;
0;5000;2015-06-08 오후 3:05:35;오전 12:00:00;503:Service Unavailable;
0;5000;2015-06-08 오후 3:05:35;오전 12:00:00;503:Service Unavailable;
0;5000;2015-06-08 오후 3:05:34;오전 12:00:01;503:Service Unavailable;
0;5000;2015-06-08 오후 3:05:34;오전 12:00:00;503:Service Unavailable;
3;5000;2015-06-08 오후 3:05:34;오전 12:00:01;;
3;5000;2015-06-08 오후 3:05:30;오전 12:00:01;Normal call clearing;
3;5000;2015-06-08 오후 3:05:26;오전 12:00:01;Normal call clearing;
3;5000;2015-06-08 오후 3:05:22;오전 12:00:01;Normal call clearing;
3;5000;2015-06-08 오후 3:05:17;오전 12:00:01;Normal call clearing;
3;5000;2015-06-08 오후 3:05:13;오전 12:00:01;Normal call clearing;
3;5000;2015-06-08 오후 3:05:07;오전 12:00:01;Normal call clearing;
0;5000;2015-06-08 오후 3:05:00;오전 12:00:00;503:Service Unavailable;
3;5000;2015-06-08 오후 3:05:00;오전 12:00:01;;
0;5000;2015-06-08 오후 3:05:00;오전 12:00:01;503:Service Unavailable;
0;5000;2015-06-08 오후 3:05:00;오전 12:00:00;503:Service Unavailable;
3;5000;2015-06-08 오후 3:04:57;오전 12:00:01;Normal call clearing;
3;5000;2015-06-08 오후 3:04:54;오전 12:00:01;Normal call clearing;
3;5000;2015-06-08 오후 3:04:50;오전 12:00:01;Normal call clearing;
3;5000;2015-06-08 오후 3:04:46;오전 12:00:01;Normal call clearing;
3;5000;2015-06-08 오후 3:04:42;오전 12:00:01;Normal call clearing;
3;5000;2015-06-08 오후 3:04:38;오전 12:00:01;Normal call clearing;
3;5000;2015-06-08 오후 3:04:27;오전 12:00:01;Normal call clearing;
3;5000;2015-06-08 오후 3:04:19;오전 12:00:01;Normal call clearing;
3;5000;2015-06-08 오후 3:04:12;오전 12:00:01;Normal call clearing;
0;5000;2015-06-08 오후 3:00:34;오전 12:00:00;503:Service Unavailable;
3;5000;2015-06-08 오후 3:00:34;오전 12:00:01;;
0;5000;2015-06-08 오후 3:00:34;오전 12:00:00;503:Service Unavailable;
0;5000;2015-06-08 오후 3:00:34;오전 12:00:01;503:Service Unavailable;
3;5000;2015-06-08 오후 3:00:31;오전 12:00:01;Normal call clearing;
3;5000;2015-06-08 오후 3:00:26;오전 12:00:01;Normal call clearing;
3;5000;2015-06-08 오후 3:00:23;오전 12:00:01;Normal call clearing;
3;5000;2015-06-08 오후 3:00:18;오전 12:00:01;Normal call clearing;
3;5000;2015-06-08 오후 3:00:13;오전 12:00:01;Normal call clearing;
3;5000;2015-06-08 오후 3:00:08;오전 12:00:01;Normal call clearing;
3;5000;2015-06-08 오후 3:00:03;오전 12:00:01;Normal call clearing;
3;5000;2015-06-08 오후 2:59:38;오전 12:00:01;Normal call clearing;
3;5000;2015-06-08 오후 2:56:47;오전 12:00:01;Normal call clearing;
3;5000;2015-06-08 오후 2:56:38;오전 12:00:01;Normal call clearing;
3;5000;2015-06-08 오후 2:56:26;오전 12:00:01;Normal call clearing;
3;5000;2015-06-08 오후 2:50:17;오전 12:00:01;Normal call clearing;
3;5000;2015-06-08 오후 2:42:04;오전 12:00:01;Normal call clearing;
3;5000;2015-06-08 오후 2:42:01;오전 12:00:02;;
3;5000;2015-06-08 오후 2:41:52;오전 12:00:01;Normal call clearing;
3;5000;2015-06-08 오후 2:38:31;오전 12:00:01;Normal call clearing;
3;5000;2015-06-08 오후 2:38:26;오전 12:00:01;Normal call clearing;
3;5000;2015-06-08 오후 2:38:20;오전 12:00:01;Normal call clearing;
3;5000;2015-06-08 오후 2:38:16;오전 12:00:01;Normal call clearing;
3;5000;2015-06-08 오후 2:38:11;오전 12:00:01;Normal call clearing;
3;5000;2015-06-08 오후 2:37:34;오전 12:00:01;Normal call clearing;
3;5000;2015-06-08 오후 2:37:26;오전 12:00:01;Normal call clearing;
3;5000;2015-06-08 오후 2:37:19;오전 12:00:01;Normal call clearing;
3;5000;2015-06-08 오후 2:37:15;오전 12:00:01;Normal call clearing;
3;5000;2015-06-08 오후 2:37:07;오전 12:00:01;Normal call clearing;
3;5000;2015-06-08 오후 2:37:05;오전 12:00:02;;
3;5000;2015-06-08 오후 2:36:54;오전 12:00:01;Normal call clearing;
3;5000;2015-06-08 오후 2:36:52;오전 12:00:02;;
3;5000;2015-06-08 오후 2:33:44;오전 12:00:01;Normal call clearing;
3;5000;2015-06-08 오후 2:33:35;오전 12:00:01;Normal call clearing;
3;5000;2015-06-08 오후 2:33:26;오전 12:00:01;Normal call clearing;
3;5000;2015-06-08 오후 2:28:50;오전 12:00:01;Normal call clearing;
3;5000;2015-06-08 오후 2:28:39;오전 12:00:01;Normal call clearing;
3;5000;2015-06-08 오후 2:28:31;오전 12:00:01;Normal call clearing;
3;5000;2015-06-08 오후 2:25:24;오전 12:00:01;Normal call clearing;
3;5000;2015-06-08 오후 2:25:16;오전 12:00:01;Normal call clearing;
3;5000;2015-06-08 오후 2:25:04;오전 12:00:01;Normal call clearing;
3;5000;2015-06-08 오후 2:24:32;오전 12:00:01;Normal call clearing;
3;5000;2015-06-08 오후 2:24:09;오전 12:00:01;Normal call clearing;
3;5000;2015-06-08 오후 2:23:55;오전 12:00:01;Normal call clearing;
3;5000;2015-06-08 오후 2:23:45;오전 12:00:01;Normal call clearing;
3;5000;2015-06-08 오후 2:23:37;오전 12:00:01;Normal call clearing;
3;5000;2015-06-08 오후 2:23:25;오전 12:00:01;Normal call clearing;
3;5000;2015-06-08 오후 2:22:09;오전 12:00:01;Normal call clearing;
3;5000;2015-06-08 오후 2:17:06;오전 12:00:01;Normal call clearing;
3;5000;2015-06-08 오후 2:15:32;오전 12:00:01;Normal call clearing;
3;5000;2015-06-08 오후 2:14:14;오전 12:00:01;Normal call clearing;
3;5000;2015-06-08 오후 2:11:19;오전 12:00:01;Normal call clearing;
3;5000;2015-06-08 오후 2:05:23;오전 12:00:01;Normal call clearing;
3;5000;2015-06-08 오후 2:00:12;오전 12:00:01;Normal call clearing;
3;5000;2015-06-08 오후 1:59:32;오전 12:00:01;Normal call clearing;
3;5000;2015-06-08 오후 1:54:24;오전 12:00:01;Normal call clearing;
3;5000;2015-06-08 오후 1:52:17;오전 12:00:01;Normal call clearing;
3;5000;2015-06-08 오후 1:52:04;오전 12:00:01;Normal call clearing;
0;5180;2015-06-08 오후 1:51:21;오전 12:00:00;503:Service Unavailable;
0;5180;2015-06-08 오후 1:50:43;오전 12:00:00;503:Service Unavailable;
0;1000;2015-05-16 오후 4:10:03;오전 12:00:02;Normal call clearing;
3;5889;2015-05-16 오후 4:07:24;오전 12:00:09;Normal call clearing;
3;5889;2015-05-16 오후 4:06:41;오전 12:00:10;Normal call clearing;
3;5889;2015-05-16 오후 4:05:32;오전 12:00:43;Normal call clearing;
3;5889;2015-05-16 오후 4:04:15;오전 12:00:29;Normal call clearing;
3;5889;2015-05-16 오후 4:02:20;오전 12:01:16;Normal call clearing;
0;5888;2015-05-16 오후 4:02:00;오전 12:00:04;486:Busy Here;
3;6000;2015-05-13 오전 10:17:24;오전 12:00:02;Normal call clearing;
0;6000;2015-05-13 오전 10:17:24;오전 12:00:00;486:Busy Here;
0;6000;2015-05-13 오전 10:17:23;오전 12:00:00;486:Busy Here;
3;6000;2015-05-13 오전 10:17:23;오전 12:00:04;Normal call clearing;
3;6000;2015-05-13 오전 10:17:23;오전 12:00:03;Normal call clearing;
3;6000;2015-05-13 오전 10:17:18;오전 12:00:09;Normal call clearing;
3;6000;2015-05-13 오전 10:17:11;오전 12:00:15;Normal call clearing;
3;6000;2015-05-13 오전 10:17:06;오전 12:00:21;Normal call clearing;
3;6000;2015-05-13 오전 10:17:04;오전 12:00:23;Normal call clearing;
3;6000;2015-05-13 오전 10:17:01;오전 12:00:25;Normal call clearing;
3;6000;2015-05-13 오전 10:16:46;오전 12:00:06;Normal call clearing;
3;6000;2015-05-13 오전 10:16:46;오전 12:00:05;Normal call clearing;
3;6000;2015-05-13 오전 10:16:40;오전 12:00:13;Normal call clearing;
3;6000;2015-05-13 오전 10:16:40;오전 12:00:12;Normal call clearing;
3;6000;2015-05-13 오전 10:16:33;오전 12:00:20;Normal call clearing;
3;6000;2015-05-13 오전 10:16:28;오전 12:00:25;Normal call clearing;
3;6000;2015-05-13 오전 10:16:23;오전 12:00:29;Normal call clearing;
3;6000;2015-05-13 오전 10:16:20;오전 12:00:01;Normal call clearing;
3;6000;2015-05-13 오전 10:16:17;오전 12:00:01;Normal call clearing;
3;6000;2015-05-13 오전 10:15:16;오전 12:00:58;Normal call clearing;
3;6000;2015-05-13 오전 10:15:14;오전 12:00:01;Normal call clearing;
3;6000;2015-05-13 오전 10:15:11;오전 12:00:01;Normal call clearing;
3;6000;2015-05-13 오전 10:15:09;오전 12:00:01;Normal call clearing;
3;6000;2015-05-13 오전 10:15:08;오전 12:00:01;Normal call clearing;
3;6000;2015-05-13 오전 10:15:05;오전 12:00:01;Normal call clearing;
3;6000;2015-05-13 오전 10:15:01;오전 12:00:02;Normal call clearing;
0;6000;2015-05-13 오전 10:14:59;오전 12:00:00;400:Bad Request;
3;6000;2015-05-13 오전 10:14:57;오전 12:00:01;Normal call clearing;
3;6000;2015-05-13 오전 10:14:55;오전 12:00:01;Normal call clearing;
3;6000;2015-05-13 오전 10:14:49;오전 12:00:01;Normal call clearing;
3;6000;2015-05-13 오전 10:14:46;오전 12:00:02;Normal call clearing;
3;6000;2015-05-13 오전 10:14:41;오전 12:00:02;Normal call clearing;
3;6000;2015-05-13 오전 10:14:31;오전 12:00:02;Normal call clearing;
3;6000;2015-05-13 오전 10:14:27;오전 12:00:02;Normal call clearing;
3;6000;2015-05-13 오전 10:14:18;오전 12:00:03;Normal call clearing;
3;6000;2015-05-13 오전 10:14:12;오전 12:00:04;Normal call clearing;
3;6000;2015-05-13 오전 10:13:28;오전 12:00:12;Normal call clearing;
3;6000;2015-05-11 오후 11:21:08;오전 12:00:00;Normal call clearing;
3;6000;2015-05-09 오전 12:35:15;오전 12:04:08;Normal call clearing;
3;6000;2015-05-09 오전 12:23:28;오전 12:03:50;Normal call clearing;
3;6000;2015-05-08 오후 11:45:16;오전 12:01:12;Normal call clearing;
3;6000;2015-05-08 오후 11:40:45;오전 12:02:47;Normal call clearing;
3;6000;2015-05-08 오후 11:34:57;오전 12:01:01;Normal call clearing;
3;6000;2015-05-08 오후 10:28:21;오전 12:00:26;Normal call clearing;
3;6000;2015-05-08 오후 10:24:06;오전 12:03:37;Normal call clearing;
3;6000;2015-05-08 오후 10:09:16;오전 12:01:32;Normal call clearing;
3;6000;2015-05-08 오후 10:07:04;오전 12:01:25;Normal call clearing;
3;6000;2015-05-08 오후 10:03:02;오전 12:01:45;Normal call clearing;
3;6000;2015-05-08 오후 9:58:51;오전 12:00:38;Normal call clearing;
3;6000;2015-05-08 오후 9:54:41;오전 12:01:06;Normal call clearing;
3;6000;2015-05-08 오후 9:53:39;오전 12:00:48;Normal call clearing;
3;6000;2015-05-08 오후 9:52:12;오전 12:00:35;Normal call clearing;
3;6000;2015-05-08 오후 9:51:31;오전 12:00:28;Normal call clearing;
3;6000;2015-05-08 오후 9:18:31;오전 12:00:51;Normal call clearing;
3;6000;2015-05-08 오후 9:05:12;오전 12:01:06;Normal call clearing;
3;6000;2015-05-08 오후 9:03:09;오전 12:00:50;Normal call clearing;
3;6000;2015-05-08 오후 9:02:08;오전 12:00:54;Normal call clearing;
3;6000;2015-05-08 오후 9:01:50;오전 12:00:08;Normal call clearing;
3;6000;2015-05-08 오후 9:01:22;오전 12:00:13;Normal call clearing;
3;6000;2015-05-08 오후 8:53:38;오전 12:00:59;Normal call clearing;
3;6000;2015-05-08 오후 8:52:13;오전 12:01:20;Normal call clearing;
3;6000;2015-05-08 오후 8:49:41;오전 12:00:48;Normal call clearing;
3;6000;2015-05-08 오후 8:47:51;오전 12:00:26;Normal call clearing;
3;6000;2015-05-08 오후 8:46:15;오전 12:00:51;Normal call clearing;
3;6000;2015-05-08 오후 8:44:53;오전 12:00:43;Normal call clearing;
3;6000;2015-05-08 오후 8:39:45;오전 12:00:25;Normal call clearing;
3;6000;2015-05-08 오후 8:38:12;오전 12:00:06;Normal call clearing;
3;6000;2015-05-08 오후 8:34:53;오전 12:02:02;Normal call clearing;
3;6000;2015-05-08 오후 8:29:53;오전 12:03:58;Normal call clearing;
3;6000;2015-05-08 오후 8:28:56;오전 12:00:40;Normal call clearing;
3;6000;2015-05-08 오후 8:19:26;오전 12:00:13;Normal call clearing;
3;6000;2015-05-08 오후 8:18:27;오전 12:00:02;Normal call clearing;
3;6000;2015-05-08 오후 8:18:03;오전 12:00:13;Normal call clearing;
3;6000;2015-05-08 오후 8:11:46;오전 12:00:13;Normal call clearing;
3;6000;2015-05-08 오후 8:10:59;오전 12:00:08;Normal call clearing;
3;6000;2015-05-08 오후 7:58:52;오전 12:00:12;Normal call clearing;
3;6000;2015-05-08 오후 7:52:13;오전 12:00:47;Normal call clearing;
3;6000;2015-05-08 오후 7:49:38;오전 12:02:04;Normal call clearing;
3;6000;2015-05-08 오후 7:46:11;오전 12:00:06;Normal call clearing;
3;6000;2015-05-08 오후 7:43:46;오전 12:00:24;Normal call clearing;
3;6000;2015-05-08 오후 7:40:50;오전 12:00:10;Normal call clearing;
3;6000;2015-05-08 오후 7:30:59;오전 12:00:29;Normal call clearing;
3;6000;2015-05-08 오후 7:27:47;오전 12:01:12;Normal call clearing;
3;6000;2015-05-08 오후 7:17:53;오전 12:00:18;Normal call clearing;
3;6000;2015-05-08 오후 3:07:09;오전 12:00:04;Normal call clearing;
3;6000;2015-05-08 오후 2:44:24;오전 12:22:41;Normal call clearing;
3;6000;2015-05-08 오후 2:43:44;오전 12:00:17;Normal call clearing;
3;6000;2015-05-08 오후 2:42:58;오전 12:00:06;Normal call clearing;
3;6000;2015-05-08 오후 2:42:21;오전 12:00:33;Normal call clearing;
3;6000;2015-05-08 오후 2:25:28;오전 12:00:47;Normal call clearing;
3;6000;2015-05-08 오후 2:21:02;오전 12:02:24;Normal call clearing;
3;6000;2015-05-08 오후 2:19:43;오전 12:01:01;Normal call clearing;
3;6000;2015-05-08 오후 2:14:02;오전 12:01:53;Normal call clearing;
3;6000;2015-05-08 오후 2:12:56;오전 12:00:43;Normal call clearing;
3;6000;2015-05-08 오후 2:08:38;오전 12:00:00;Normal call clearing;
3;6000;2015-05-08 오후 2:05:45;오전 12:00:00;Normal call clearing;
3;6000;2015-05-07 오후 7:09:17;오전 12:00:00;Normal call clearing;
3;6000;2015-05-07 오후 3:22:07;오전 12:00:16;Normal call clearing;
3;6000;2015-05-07 오후 3:09:46;오전 12:11:13;Normal call clearing;
3;6000;2015-05-07 오후 2:08:14;오전 12:00:00;Normal call clearing;
3;6000;2015-05-07 오후 2:04:54;오전 12:00:00;Normal call clearing;
3;6000;2015-05-07 오후 2:04:11;오전 12:00:00;Normal call clearing;
3;6000;2015-05-07 오후 2:03:52;오전 12:00:00;Normal call clearing;
3;5000;2015-05-07 오후 1:48:26;오전 12:00:00;Normal call clearing;
3;6000;2015-05-07 오후 1:47:22;오전 12:00:51;Normal call clearing;
3;6000;2015-05-07 오후 1:46:31;오전 12:00:04;Normal call clearing;
3;5000;2015-05-07 오후 1:13:06;오전 12:00:00;Normal call clearing;
3;6000;2015-05-07 오후 1:12:59;오전 12:00:02;Normal call clearing;
3;5000;2015-05-07 오전 11:59:20;오전 12:00:00;Normal call clearing;
3;5000;2015-05-07 오전 11:58:44;오전 12:00:00;Normal call clearing;
3;6000;2015-05-07 오전 11:56:38;오전 12:02:01;Normal call clearing;
3;6000;2015-05-07 오전 11:55:21;오전 12:01:08;Normal call clearing;
3;6000;2015-05-07 오전 11:53:38;오전 12:01:35;Normal call clearing;
0;6000;2015-05-07 오전 11:46:32;오전 12:00:08;Normal call clearing;
3;6000;2015-05-07 오전 10:50:03;오전 12:00:09;Normal call clearing;
3;6000;2015-05-07 오전 10:49:11;오전 12:00:14;Normal call clearing;
3;6000;2015-05-04 오후 6:34:36;오전 12:00:31;Normal call clearing;
3;6000;2015-05-04 오후 6:31:52;오전 12:00:28;Normal call clearing;
3;6000;2015-05-04 오후 6:23:00;오전 12:00:25;Normal call clearing;
3;6000;2015-05-04 오후 6:00:54;오전 12:00:37;Normal call clearing;
3;6000;2015-05-04 오후 5:56:35;오전 12:00:24;Normal call clearing;
3;6000;2015-05-04 오후 5:56:00;오전 12:00:24;Normal call clearing;
0;6000;2015-05-04 오후 5:53:37;오전 12:00:16;Normal call clearing;
3;6000;2015-05-04 오전 11:04:16;오전 12:00:17;Normal call clearing;
3;6000;2015-04-29 오후 5:01:30;오전 12:00:32;Normal call clearing;
3;6000;2015-04-29 오후 5:00:03;오전 12:00:20;Normal call clearing;
3;6000;2015-04-29 오후 4:27:10;오전 12:00:28;Normal call clearing;
3;6000;2015-04-29 오후 4:26:05;오전 12:00:28;Normal call clearing;
3;6000;2015-04-29 오후 4:24:59;오전 12:00:31;Normal call clearing;
3;6000;2015-04-29 오후 4:24:28;오전 12:00:13;Normal call clearing;
3;6000;2015-04-29 오후 4:16:46;오전 12:00:41;Normal call clearing;
3;6000;2015-04-29 오후 4:14:28;오전 12:00:12;Normal call clearing;
3;6000;2015-04-29 오후 4:14:03;오전 12:00:17;Normal call clearing;
3;6000;2015-04-29 오후 4:13:08;오전 12:00:28;Normal call clearing;
3;6000;2015-04-29 오후 4:09:50;오전 12:00:52;Normal call clearing;
3;6000;2015-04-29 오후 4:08:46;오전 12:00:14;Normal call clearing;
3;6000;2015-04-29 오후 3:42:03;오전 12:00:42;Normal call clearing;
3;6000;2015-04-29 오후 3:41:23;오전 12:00:33;Normal call clearing;
0;6000;2015-04-29 오후 3:40:54;오전 12:00:05;Normal call clearing;
3;6000;2015-04-29 오후 3:37:05;오전 12:00:25;Normal call clearing;
3;6000;2015-04-29 오후 3:36:06;오전 12:00:41;Normal call clearing;
3;6000;2015-04-29 오전 10:02:49;오전 12:00:16;Normal call clearing;
3;6000;2015-04-28 오전 11:43:22;오전 12:01:09;Normal call clearing;
3;6000;2015-04-28 오전 11:38:07;오전 12:00:47;Normal call clearing;
3;6000;2015-04-28 오전 11:35:55;오전 12:00:35;Normal call clearing;
3;6000@100.100.107.189;2015-04-28 오전 11:35:37;오전 12:00:12;Normal call clearing;
3;6000@100.100.107.189;2015-04-28 오전 11:34:36;오전 12:00:48;Normal call clearing;
3;6000@100.100.107.189;2015-04-28 오전 11:32:21;오전 12:00:40;Normal call clearing;
3;6000@100.100.107.189;2015-04-28 오전 11:28:15;오전 12:00:12;Normal call clearing;
3;5000@100.100.107.189;2015-04-28 오전 11:19:05;오전 12:00:14;Normal call clearing;
3;6000;2015-04-28 오전 11:16:08;오전 12:00:31;Normal call clearing;
3;5000;2015-04-23 오후 7:12:05;오전 12:00:02;Normal call clearing;
0;5000;2015-04-23 오후 7:09:03;오전 12:00:10;480:Temporarily Unavailable;
3;5300;2015-04-22 오후 2:05:41;오전 12:00:54;Normal call clearing;
3;5003;2015-04-22 오후 1:40:58;오전 12:00:13;Normal call clearing;
0;5331;2015-04-22 오후 1:40:50;오전 12:00:02;Normal call clearing;
0;5300;2015-04-22 오후 1:40:45;오전 12:00:03;Normal call clearing;
3;5300;2015-04-22 오후 1:21:36;오전 12:00:32;Normal call clearing;
3;5300;2015-04-22 오전 9:22:58;오전 12:00:07;Normal call clearing;
3;5300;2015-04-22 오전 9:19:25;오전 12:00:04;Normal call clearing;
3;5300;2015-04-21 오후 6:02:05;오전 12:00:33;Normal call clearing;
3;5300;2015-04-21 오후 4:40:29;오전 12:13:28;Normal call clearing;
3;5300;2015-04-21 오후 4:03:55;오전 12:15:50;Normal call clearing;
3;5300;2015-04-21 오후 2:51:57;오전 12:00:13;Normal call clearing;
3;5300;2015-04-21 오후 2:38:40;오전 12:02:24;Normal call clearing;
3;5300;2015-04-21 오후 2:35:28;오전 12:03:03;Normal call clearing;
3;5300;2015-04-21 오후 2:30:17;오전 12:03:46;Normal call clearing;
3;5300;2015-04-21 오후 2:14:00;오전 12:05:53;Normal call clearing;
3;5300;2015-04-21 오후 1:23:49;오전 12:47:19;Normal call clearing;
3;5300;2015-04-21 오후 1:11:18;오전 12:00:41;Normal call clearing;
3;5300;2015-04-21 오후 1:07:48;오전 12:01:34;Normal call clearing;
0;5300;2015-04-21 오후 12:56:05;오전 12:00:04;Normal call clearing;
0;5300;2015-04-21 오후 12:54:38;오전 12:00:05;Normal call clearing;
3;5300;2015-04-21 오전 11:58:23;오전 12:03:11;Normal call clearing;
3;5300;2015-04-21 오전 11:50:55;오전 12:00:21;Normal call clearing;
3;5300;2015-04-21 오전 11:38:35;오전 12:03:34;Normal call clearing;
3;5300;2015-04-21 오전 11:32:56;오전 12:00:55;Normal call clearing;
3;5300;2015-04-21 오전 11:26:39;오전 12:00:05;Normal call clearing;
3;5300;2015-04-21 오전 11:18:07;오전 12:00:24;Normal call clearing;
0;5300;2015-04-21 오전 10:21:31;오전 12:00:10;480:Temporarily Unavailable;
3;5300;2015-04-21 오전 10:19:02;오전 12:00:45;Normal call clearing;
3;5300;2015-04-21 오전 10:15:22;오전 12:03:32;Normal call clearing;
0;5300;2015-04-11 오후 4:46:16;오전 12:00:05;Normal call clearing;
0;5300;2015-04-11 오후 4:44:45;오전 12:00:20;Normal call clearing;
3;5300;2015-04-09 오후 5:39:23;오전 12:00:19;Normal call clearing;
3;5300;2015-04-09 오후 5:30:52;오전 12:00:07;Normal call clearing;
3;5300;2015-04-07 오후 4:17:31;오전 12:00:44;Normal call clearing;
3;5300;2015-04-07 오전 10:24:14;오전 12:00:40;Normal call clearing;
3;5300;2015-04-06 오후 4:13:06;오전 12:00:39;Normal call clearing;
3;5300;2015-04-06 오후 3:50:54;오전 12:00:08;Normal call clearing;
3;5300;2015-04-06 오후 3:40:06;오전 12:00:08;Normal call clearing;
0;5300;2015-04-06 오후 2:06:10;오전 12:00:05;Normal call clearing;
3;5300;2015-04-06 오후 1:12:47;오전 12:00:07;Normal call clearing;
3;5300;2015-04-06 오후 1:12:01;오전 12:00:24;Normal call clearing;
3;5300;2015-04-03 오후 8:25:06;오전 12:00:45;Normal call clearing;
3;5300;2015-04-03 오후 8:18:21;오전 12:00:02;Normal call clearing;
3;5300;2015-04-03 오후 8:17:12;오전 12:00:27;Normal call clearing;
3;5300;2015-04-03 오후 8:16:32;오전 12:00:18;Normal call clearing;
3;5300;2015-04-03 오후 8:15:12;오전 12:00:35;Normal call clearing;
3;5300;2015-04-03 오후 8:11:10;오전 12:01:27;Normal call clearing;
3;5300;2015-04-03 오후 8:09:52;오전 12:01:10;Normal call clearing;
3;5300;2015-04-03 오후 8:07:26;오전 12:01:49;Normal call clearing;
3;5100;2015-04-02 오후 2:07:29;오전 12:00:23;Normal call clearing;
3;5100;2015-04-02 오후 2:01:11;오전 12:00:23;Normal call clearing;
3;5100;2015-04-02 오후 2:00:00;오전 12:00:23;Normal call clearing;
3;5100;2015-04-02 오후 1:58:53;오전 12:00:24;Normal call clearing;
3;5100;2015-04-02 오후 1:58:09;오전 12:00:23;Normal call clearing;
3;5100;2015-04-02 오후 1:57:05;오전 12:00:23;Normal call clearing;
3;5100;2015-04-02 오후 1:52:31;오전 12:00:24;Normal call clearing;
3;5100;2015-04-02 오후 1:51:58;오전 12:00:23;Normal call clearing;
3;5100;2015-04-02 오후 1:42:21;오전 12:00:24;Normal call clearing;
3;5100;2015-04-02 오후 1:41:39;오전 12:00:23;Normal call clearing;
3;5101;2015-04-02 오후 1:40:31;오전 12:00:17;Normal call clearing;
3;5100;2015-04-02 오후 1:34:52;오전 12:00:24;Normal call clearing;
3;5100;2015-04-02 오후 1:31:40;오전 12:00:23;Normal call clearing;
3;5100;2015-04-02 오후 1:29:37;오전 12:00:24;Normal call clearing;
0;;2015-04-02 오후 1:29:29;오전 12:00:01;Normal call clearing;
3;5100;2015-04-02 오후 1:28:57;오전 12:00:24;Normal call clearing;
3;5100;2015-04-02 오후 1:28:17;오전 12:00:23;Normal call clearing;
3;5100;2015-04-02 오후 1:18:04;오전 12:00:23;Normal call clearing;
3;5100;2015-04-02 오후 1:16:51;오전 12:00:23;Normal call clearing;
3;5100;2015-04-02 오후 1:14:24;오전 12:00:23;Normal call clearing;
3;5100;2015-04-02 오후 1:13:21;오전 12:00:23;Normal call clearing;
3;5100;2015-04-02 오후 1:02:16;오전 12:00:23;Normal call clearing;
3;5100;2015-04-02 오후 12:57:53;오전 12:00:23;Normal call clearing;
3;5100;2015-04-02 오후 12:50:18;오전 12:00:23;Normal call clearing;
3;5100;2015-04-02 오후 12:31:30;오전 12:00:23;Normal call clearing;
3;5100;2015-04-02 오전 11:39:44;오전 12:00:23;Normal call clearing;
3;5100;2015-04-02 오전 11:20:18;오전 12:00:23;Normal call clearing;
3;5100;2015-04-02 오전 10:41:16;오전 12:00:23;Normal call clearing;
3;5100;2015-04-02 오전 10:40:03;오전 12:00:09;Normal call clearing;
3;5100;2015-04-01 오후 11:06:38;오전 12:00:40;Normal call clearing;
3;5100;2015-04-01 오후 9:58:48;오전 12:00:51;Normal call clearing;
3;5100;2015-04-01 오후 9:35:14;오전 12:00:51;Normal call clearing;
3;5100;2015-04-01 오후 9:33:25;오전 12:00:51;Normal call clearing;
3;5100;2015-04-01 오후 9:32:36;오전 12:00:33;Normal call clearing;
1;5100;2015-04-01 오후 9:30:50;오전 12:00:00;500:Server Internal Error;
3;5100;2015-04-01 오후 9:27:20;오전 12:00:05;Normal call clearing;
0;5999;2015-04-01 오후 9:25:43;오전 12:00:00;503:Service Unavailable;
3;5000;2015-04-01 오후 9:25:29;오전 12:00:08;Normal call clearing;
0;5999;2015-04-01 오후 9:24:48;오전 12:00:00;503:Service Unavailable;
3;5300;2015-03-25 오후 8:28:28;오전 12:00:51;Normal call clearing;
3;5300;2015-03-25 오후 8:27:14;오전 12:01:03;Normal call clearing;
3;5300;2015-03-25 오후 8:19:54;오전 12:00:07;Normal call clearing;
0;5300;2015-03-25 오후 8:10:04;오전 12:00:00;403:Forbidden;
0;5300;2015-03-25 오후 8:09:24;오전 12:00:00;403:Forbidden;
0;5300;2015-03-25 오후 8:09:12;오전 12:00:00;403:Forbidden;
3;5300;2015-03-25 오후 6:11:24;오전 12:00:41;Normal call clearing;
1;5300;2015-03-25 오후 6:10:58;오전 12:00:01;Normal call clearing;
3;5300;2015-03-25 오후 6:10:49;오전 12:00:00;Normal call clearing;
3;5300;2015-03-25 오후 6:09:55;오전 12:00:09;Normal call clearing;
3;5300;2015-03-25 오후 6:06:53;오전 12:00:03;Normal call clearing;
3;5300;2015-03-25 오후 6:05:37;오전 12:00:28;Normal call clearing;
3;5300;2015-03-20 오후 5:25:11;오전 12:00:17;Normal call clearing;
3;5300;2015-03-20 오후 4:16:27;오전 12:00:29;Normal call clearing;
0;5300;2015-03-20 오후 4:14:17;오전 12:00:10;480:Temporarily Unavailable;
3;5300;2015-03-20 오후 4:01:22;오전 12:00:26;Normal call clearing;
3;5300;2015-03-20 오후 3:55:35;오전 12:00:25;Normal call clearing;
1;5300;2015-03-20 오후 3:52:10;오전 12:00:03;Normal call clearing;
0;5300;2015-03-20 오후 3:51:48;오전 12:00:04;Normal call clearing;
0;5300;2015-03-20 오후 3:51:29;오전 12:00:07;406:Not Acceptable;
0;5300;2015-03-20 오후 3:50:00;오전 12:00:10;480:Temporarily Unavailable;
3;5300;2015-03-20 오후 3:49:33;오전 12:00:09;Normal call clearing;
0;5300;2015-03-06 오후 11:35:29;오전 12:00:00;486:Busy Here;
3;5901;2015-02-04 오후 1:15:59;오전 12:00:23;Normal call clearing;
3;5901;2015-02-04 오후 1:11:08;오전 12:00:23;Normal call clearing;
3;5901;2015-02-04 오전 11:53:24;오전 12:00:24;Normal call clearing;
3;5901;2015-02-04 오전 11:39:41;오전 12:00:21;Normal call clearing;
0;5901;2015-02-04 오전 11:05:30;오전 12:00:00;503:Service Unavailable;
0;5901;2015-02-04 오전 11:02:39;오전 12:00:00;503:Service Unavailable;
3;5901;2014-12-29 오후 4:02:29;오전 12:00:21;Normal call clearing;
3;5901;2014-12-29 오후 3:55:57;오전 12:00:21;Normal call clearing;
3;5901;2014-12-29 오후 2:32:28;오전 12:00:21;Normal call clearing;
3;5901;2014-12-29 오후 2:20:57;오전 12:00:21;Normal call clearing;
3;5901;2014-12-29 오후 2:18:16;오전 12:00:21;Normal call clearing;
3;5901;2014-12-29 오후 2:16:42;오전 12:00:21;Normal call clearing;
3;5901;2014-12-29 오후 2:10:14;오전 12:00:21;Normal call clearing;
3;5901;2014-12-29 오후 2:07:49;오전 12:00:21;Normal call clearing;
3;5901;2014-12-29 오후 2:00:10;오전 12:00:21;Normal call clearing;
3;5901;2014-12-29 오후 1:51:36;오전 12:00:28;Normal call clearing;
3;5901;2014-12-23 오후 1:22:40;오전 12:00:21;Normal call clearing;
3;5901;2014-12-23 오후 1:17:31;오전 12:00:28;Normal call clearing;
3;5901;2014-12-23 오전 11:13:24;오전 12:00:21;Normal call clearing;
3;5901;2014-12-23 오전 10:15:37;오전 12:00:49;Normal call clearing;
3;5901;2014-12-23 오전 10:14:55;오전 12:00:28;Normal call clearing;
3;5901;2014-12-19 오후 6:32:03;오전 12:00:49;Normal call clearing;
3;5901;2014-12-19 오후 6:31:33;오전 12:00:15;Normal call clearing;
3;5901;2014-12-19 오후 6:25:58;오전 12:00:05;Normal call clearing;
3;5901;2014-12-19 오후 6:06:38;오전 12:00:49;Normal call clearing;
3;5901;2014-12-19 오후 6:05:54;오전 12:00:17;Normal call clearing;
3;5901;2014-12-19 오후 6:01:30;오전 12:00:56;Normal call clearing;
0;5901;2014-12-19 오후 6:01:07;오전 12:00:01;503:Service Unavailable;
3;5901;2014-12-19 오후 6:00:20;오전 12:00:56;Normal call clearing;
3;5901;2014-12-19 오후 5:59:17;오전 12:00:26;Normal call clearing;
3;5901;2014-12-19 오후 5:55:30;오전 12:00:01;Normal call clearing;
3;5901;2014-12-19 오후 5:52:04;오전 12:00:13;Normal call clearing;
3;5901;2014-12-19 오후 4:39:44;오전 12:00:14;Normal call clearing;
3;5901;2014-12-19 오후 4:22:47;오전 12:00:53;Normal call clearing;
3;5901;2014-12-19 오후 4:17:56;오전 12:01:23;Normal call clearing;
3;5901;2014-12-19 오후 4:16:39;오전 12:01:02;Normal call clearing;
3;5901;2014-12-19 오후 4:15:55;오전 12:00:37;Normal call clearing;
3;5901;2014-12-19 오후 4:13:01;오전 12:00:47;Normal call clearing;
3;5901;2014-12-19 오후 4:09:19;오전 12:01:23;Normal call clearing;
3;5901;2014-12-19 오후 4:06:20;오전 12:01:21;Normal call clearing;
3;5901;2014-12-19 오후 4:03:20;오전 12:01:04;Normal call clearing;
3;5901;2014-12-19 오후 4:02:20;오전 12:00:51;Normal call clearing;
3;5901;2014-12-19 오후 3:59:22;오전 12:00:52;Normal call clearing;
3;5901;2014-12-19 오후 3:59:07;오전 12:00:12;Normal call clearing;
3;5901;2014-12-19 오후 3:58:28;오전 12:00:11;Normal call clearing;
3;5901;2014-12-19 오후 3:58:08;오전 12:00:16;Normal call clearing;
3;5901;2014-12-19 오후 3:56:59;오전 12:01:06;Normal call clearing;
3;5901;2014-12-19 오후 3:56:06;오전 12:00:48;Normal call clearing;
3;5901;2014-12-19 오후 3:27:42;오전 12:01:23;Normal call clearing;
3;5901;2014-12-19 오후 3:25:11;오전 12:01:19;Normal call clearing;
3;5901;2014-12-19 오후 3:23:35;오전 12:00:24;Normal call clearing;
3;5901;2014-12-15 오후 12:50:45;오전 12:00:03;Normal call clearing;
3;5001;2014-12-15 오후 12:48:47;오전 12:00:06;Normal call clearing;
3;5901;2014-12-15 오후 12:48:34;오전 12:00:05;Normal call clearing;
0;3010;2014-12-09 오후 3:31:17;오전 12:00:32;408:Request Timeout;
0;3007;2014-12-09 오후 3:28:53;오전 12:00:32;408:Request Timeout;
0;3010;2014-12-09 오후 3:27:46;오전 12:00:32;408:Request Timeout;
0;3010;2014-12-09 오후 3:25:03;오전 12:00:32;408:Request Timeout;
0;3012;2014-12-09 오후 3:24:54;오전 12:00:32;408:Request Timeout;
0;3011;2014-12-09 오후 3:24:50;오전 12:00:32;408:Request Timeout;
0;3008;2014-12-09 오후 3:24:46;오전 12:00:32;408:Request Timeout;
0;3010;2014-12-09 오후 3:24:37;오전 12:00:05;Normal call clearing;
0;3007;2014-12-09 오후 3:24:30;오전 12:00:04;Normal call clearing;
0;3012;2014-12-09 오후 3:23:38;오전 12:00:32;408:Request Timeout;
0;2012;2014-12-09 오후 3:23:33;오전 12:00:02;Normal call clearing;
0;3011;2014-12-09 오후 3:23:24;오전 12:00:06;Normal call clearing;
0;3012;2014-12-09 오후 3:22:45;오전 12:00:32;408:Request Timeout;
0;3007;2014-12-09 오후 3:21:25;오전 12:00:32;408:Request Timeout;
0;3007;2014-12-09 오후 3:19:38;오전 12:00:32;408:Request Timeout;
0;3007;2014-12-09 오후 3:13:29;오전 12:00:32;408:Request Timeout;
0;3007;2014-12-09 오후 3:11:16;오전 12:00:32;408:Request Timeout;
0;5100;2014-12-09 오후 2:59:43;오전 12:00:32;408:Request Timeout;
3;3002;2014-12-09 오후 12:57:32;오전 12:00:24;Normal call clearing;
3;3002;2014-12-09 오후 12:09:23;오전 12:00:37;Normal call clearing;
1;3002;2014-12-09 오전 11:38:48;오전 12:00:01;403:Forbidden;
1;3003;2014-12-09 오전 11:36:22;오전 12:00:01;Normal call clearing;
0;3028;2014-12-09 오전 11:36:12;오전 12:00:00;503:Service Unavailable;
1;3001;2014-12-09 오전 11:35:50;오전 12:00:01;Normal call clearing;
1;3004;2014-12-09 오전 11:35:42;오전 12:00:02;Normal call clearing;
1;3002;2014-12-09 오전 11:35:33;오전 12:00:04;403:Forbidden;
3;5001;2014-12-04 오전 11:30:15;오전 12:00:02;Normal call clearing;
0;5906;2014-12-04 오전 11:30:10;오전 12:00:00;503:Service Unavailable;
0;5906;2014-12-04 오전 11:30:01;오전 12:00:00;503:Service Unavailable;
3;5001;2014-12-04 오전 10:52:09;오전 12:00:39;Normal call clearing;
3;5001;2014-12-04 오전 9:58:35;오전 12:00:22;Normal call clearing;
3;5001;2014-12-04 오전 9:56:42;오전 12:00:13;Normal call clearing;
3;5001;2014-12-04 오전 9:48:06;오전 12:00:34;Normal call clearing;
3;5001;2014-12-04 오전 9:35:42;오전 12:00:21;Normal call clearing;
3;5001;2014-12-03 오후 6:31:30;오전 12:00:49;Normal call clearing;
3;5001;2014-12-03 오후 6:29:48;오전 12:00:49;Normal call clearing;
3;5001;2014-12-03 오후 6:28:50;오전 12:00:49;Normal call clearing;
0;5100;2014-12-03 오후 6:28:45;오전 12:00:00;503:Service Unavailable;
3;5001;2014-12-03 오후 6:27:37;오전 12:00:37;Normal call clearing;
3;5001;2014-12-03 오후 6:23:56;오전 12:00:21;Normal call clearing;
3;5001;2014-12-03 오후 6:23:01;오전 12:00:49;Normal call clearing;
3;5001;2014-12-03 오후 6:22:07;오전 12:00:14;Normal call clearing;
3;5001;2014-12-03 오후 6:21:34;오전 12:00:22;Normal call clearing;
3;5001;2014-12-03 오후 5:46:16;오전 12:00:15;Normal call clearing;
3;5001;2014-12-03 오후 5:44:53;오전 12:00:20;Normal call clearing;
3;5001;2014-12-03 오후 5:42:47;오전 12:00:48;Normal call clearing;
3;5001;2014-12-03 오후 5:40:58;오전 12:00:28;Normal call clearing;
3;5001;2014-12-03 오후 5:38:05;오전 12:00:35;Normal call clearing;
3;5001;2014-12-03 오후 5:37:04;오전 12:00:43;Normal call clearing;
3;5001;2014-12-03 오후 5:36:40;오전 12:00:23;Normal call clearing;
3;5001;2014-12-03 오후 5:36:13;오전 12:00:24;Normal call clearing;
3;5001;2014-12-03 오후 5:34:34;오전 12:00:23;Normal call clearing;
3;5001;2014-12-03 오후 5:33:40;오전 12:00:14;Normal call clearing;
3;5001;2014-12-03 오후 5:30:49;오전 12:00:49;Normal call clearing;
3;5001;2014-12-03 오후 5:25:55;오전 12:00:31;Normal call clearing;
3;5001;2014-12-03 오후 5:05:03;오전 12:00:48;Normal call clearing;
3;5001;2014-12-03 오후 3:59:03;오전 12:00:40;Normal call clearing;
3;5001;2014-12-03 오후 3:50:19;오전 12:00:49;Normal call clearing;
3;5001;2014-12-03 오후 3:19:36;오전 12:00:36;Normal call clearing;
3;5001;2014-12-03 오후 1:48:50;오전 12:00:49;Normal call clearing;
3;5001;2014-12-03 오후 1:40:08;오전 12:00:28;Normal call clearing;
3;5001;2014-12-03 오후 1:32:58;오전 12:00:19;Normal call clearing;
3;5001;2014-12-03 오전 11:30:47;오전 12:00:28;Normal call clearing;
3;5001;2014-12-03 오전 10:28:23;오전 12:00:47;Normal call clearing;
3;5001;2014-12-03 오전 10:26:44;오전 12:00:31;Normal call clearing;
3;5001;2014-12-03 오전 10:16:13;오전 12:00:07;Normal call clearing;
3;5001;2014-12-03 오전 10:15:57;오전 12:00:10;Normal call clearing;
0;;2014-12-03 오전 10:14:03;오전 12:00:04;Normal call clearing;
3;5001;2014-12-03 오전 10:13:52;오전 12:00:09;Normal call clearing;
3;5000;2014-12-03 오전 10:01:14;오전 12:00:40;Normal call clearing;
0;6500;2014-12-03 오전 10:00:50;오전 12:00:00;503:Service Unavailable;
3;3001;2014-12-02 오전 11:34:44;오전 12:00:12;Normal call clearing;
0;;2014-12-02 오전 11:34:39;오전 12:00:01;Normal call clearing;
3;3001;2014-12-02 오전 11:26:18;오전 12:00:17;Normal call clearing;
0;3028;2014-12-02 오전 11:26:09;오전 12:00:00;503:Service Unavailable;
3;3001;2014-11-27 오후 4:22:40;오전 12:00:22;Normal call clearing;
3;3001;2014-11-27 오후 4:17:38;오전 12:00:09;Normal call clearing;
3;3001;2014-11-27 오후 4:16:52;오전 12:00:18;Normal call clearing;
3;3001;2014-11-27 오후 4:14:03;오전 12:00:54;Normal call clearing;
3;3001;2014-11-27 오후 4:11:29;오전 12:00:26;Normal call clearing;
3;3001;2014-11-27 오후 4:10:22;오전 12:00:41;Normal call clearing;
3;3002;2014-11-27 오후 3:42:42;오전 12:00:23;Normal call clearing;
3;3028;2014-11-27 오후 2:53:31;오전 12:00:05;Normal call clearing;
3;3028;2014-11-27 오후 2:52:38;오전 12:00:43;Normal call clearing;
3;3029;2014-11-27 오후 2:42:41;오전 12:00:48;Normal call clearing;
3;3001;2014-11-27 오후 2:34:17;오전 12:00:45;Normal call clearing;
0;3001;2014-11-27 오후 2:33:40;오전 12:00:18;Normal call clearing;
0;3001;2014-11-27 오후 2:30:00;오전 12:00:32;408:Request Timeout;
3;3028;2014-11-27 오후 2:00:57;오전 12:00:07;Normal call clearing;
3;3029;2014-11-27 오후 2:00:43;오전 12:00:08;Normal call clearing;
3;3029;2014-11-27 오후 1:54:23;오전 12:00:09;Normal call clearing;
3;3029;2014-11-27 오후 1:51:04;오전 12:00:07;Normal call clearing;
3;3029;2014-11-27 오후 1:48:57;오전 12:00:15;Normal call clearing;
3;3029;2014-11-27 오후 1:48:39;오전 12:00:11;Normal call clearing;
1;3004;2014-11-27 오후 1:48:32;오전 12:00:00;503:Service Unavailable;
3;3029;2014-11-27 오후 1:47:52;오전 12:00:31;Normal call clearing;
1;3001;2014-11-27 오후 1:47:45;오전 12:00:00;503:Service Unavailable;
1;3001;2014-11-27 오후 1:47:40;오전 12:00:00;503:Service Unavailable;
3;3029;2014-11-27 오후 1:47:29;오전 12:00:07;Normal call clearing;
0;3029;2014-11-27 오후 12:53:47;오전 12:00:32;408:Request Timeout;
3;3004;2014-11-25 오전 11:04:30;오전 12:00:12;Normal call clearing;
3;3001;2014-11-20 오후 4:59:26;오전 12:00:18;Normal call clearing;
3;3001;2014-11-20 오후 4:51:21;오전 12:00:11;Normal call clearing;
3;3001;2014-11-20 오후 4:50:01;오전 12:00:13;Normal call clearing;
3;6500;2014-11-20 오전 10:06:44;오전 12:00:04;Normal call clearing;
3;6500;2014-11-20 오전 9:48:36;오전 12:00:08;Normal call clearing;
3;6500;2014-11-20 오전 9:46:28;오전 12:00:41;Normal call clearing;
3;6500;2014-11-20 오전 9:44:49;오전 12:00:20;Normal call clearing;
3;6500;2014-11-19 오후 5:47:03;오전 12:00:14;Normal call clearing;
3;6500;2014-11-19 오후 5:43:16;오전 12:00:01;Normal call clearing;
3;6500;2014-11-19 오후 5:43:03;오전 12:00:08;Normal call clearing;
3;6500;2014-11-19 오후 5:40:48;오전 12:00:00;Normal call clearing;
3;6500;2014-11-19 오후 5:40:39;오전 12:00:04;Normal call clearing;
3;6500;2014-11-19 오후 5:38:50;오전 12:00:41;Normal call clearing;
3;6500;2014-11-19 오후 5:36:46;오전 12:00:41;Normal call clearing;
3;6500;2014-11-19 오후 5:16:46;오전 12:00:41;Normal call clearing;
3;6500;2014-11-19 오후 5:05:43;오전 12:00:03;Normal call clearing;
0;6500;2014-11-19 오후 4:33:56;오전 12:00:00;503:Service Unavailable;
3;6500;2014-11-19 오후 4:33:53;오전 12:00:41;Normal call clearing;
3;6500;2014-11-19 오후 4:33:42;오전 12:00:00;Normal call clearing;
0;;2014-11-19 오후 4:33:38;오전 12:00:19;Normal call clearing;
3;6500;2014-11-19 오후 4:33:28;오전 12:00:03;Normal call clearing;
3;6500;2014-11-19 오후 4:32:56;오전 12:00:06;Normal call clearing;
3;6500;2014-11-19 오후 4:28:43;오전 12:00:00;Normal call clearing;
3;6500;2014-11-19 오후 4:27:39;오전 12:00:37;Normal call clearing;
3;6500;2014-11-19 오후 4:26:43;오전 12:00:01;Normal call clearing;
3;6500;2014-11-19 오후 4:21:22;오전 12:00:41;Normal call clearing;
3;6500;2014-11-19 오후 3:41:25;오전 12:00:40;Normal call clearing;
3;6500;2014-11-19 오후 3:27:42;오전 12:00:40;Normal call clearing;
3;6500;2014-11-19 오후 3:26:17;오전 12:00:40;Normal call clearing;
3;6500;2014-11-19 오후 3:25:28;오전 12:00:35;Normal call clearing;
3;6500;2014-11-19 오후 3:23:50;오전 12:00:47;Normal call clearing;
3;6500;2014-11-19 오후 3:23:12;오전 12:00:06;Normal call clearing;
3;6500;2014-11-19 오후 3:18:11;오전 12:00:40;Normal call clearing;
3;6500;2014-11-19 오후 3:12:39;오전 12:00:54;Normal call clearing;
3;6500;2014-11-19 오후 3:08:44;오전 12:00:54;Normal call clearing;
3;6500;2014-11-19 오후 3:07:13;오전 12:00:53;Normal call clearing;
3;6500;2014-11-19 오후 3:06:06;오전 12:00:54;Normal call clearing;
3;6500;2014-11-19 오후 3:04:00;오전 12:01:00;Normal call clearing;
3;6500;2014-11-19 오후 2:53:01;오전 12:01:00;Normal call clearing;
3;6500;2014-11-19 오후 2:51:04;오전 12:01:00;Normal call clearing;
3;6500;2014-11-19 오후 2:43:47;오전 12:00:54;Normal call clearing;
3;6500;2014-11-19 오후 2:42:29;오전 12:00:54;Normal call clearing;
3;6500;2014-11-19 오후 2:40:59;오전 12:00:54;Normal call clearing;
3;6500;2014-11-19 오후 2:40:09;오전 12:00:44;Normal call clearing;
3;6500;2014-11-19 오후 2:36:26;오전 12:00:54;Normal call clearing;
3;6500;2014-11-19 오후 2:34:29;오전 12:00:27;Normal call clearing;
3;6500;2014-11-19 오후 2:34:04;오전 12:00:17;Normal call clearing;
3;6500;2014-11-19 오후 2:31:41;오전 12:01:00;Normal call clearing;
3;6500;2014-11-19 오후 2:29:23;오전 12:01:00;Normal call clearing;
3;6500;2014-11-19 오후 2:28:06;오전 12:00:57;Normal call clearing;
0;;2014-11-19 오후 2:27:57;오전 12:00:19;Normal call clearing;
3;6500;2014-11-19 오후 2:27:10;오전 12:00:33;Normal call clearing;
3;6500;2014-11-19 오후 2:23:41;오전 12:01:00;Normal call clearing;
3;6500;2014-11-19 오후 2:14:13;오전 12:01:00;Normal call clearing;
3;6500;2014-11-19 오후 2:13:36;오전 12:00:12;Normal call clearing;
3;6500;2014-11-19 오후 2:10:21;오전 12:00:40;Normal call clearing;
3;6500;2014-11-19 오후 2:08:49;오전 12:01:00;Normal call clearing;
3;6500;2014-11-19 오후 2:03:09;오전 12:01:00;Normal call clearing;
3;6500;2014-11-19 오후 1:59:40;오전 12:01:00;Normal call clearing;
3;6500;2014-11-19 오후 1:58:07;오전 12:01:00;Normal call clearing;
3;6500;2014-11-19 오후 1:56:31;오전 12:00:32;Normal call clearing;
3;6500;2014-11-19 오후 1:55:05;오전 12:00:40;Normal call clearing;
3;6500;2014-11-19 오후 1:54:18;오전 12:00:36;Normal call clearing;
3;6500;2014-11-12 오후 3:32:59;오전 12:00:13;Normal call clearing;
3;6500;2014-11-12 오후 3:19:24;오전 12:00:22;Normal call clearing;
3;6500;2014-11-12 오후 3:11:10;오전 12:00:47;Normal call clearing;
3;6500;2014-11-12 오후 3:06:34;오전 12:00:47;Normal call clearing;
3;6500;2014-11-12 오후 3:02:03;오전 12:00:47;Normal call clearing;
3;6500;2014-11-12 오후 2:59:46;오전 12:00:11;Normal call clearing;
3;6500;2014-11-12 오후 2:50:37;오전 12:00:44;Normal call clearing;
3;6500;2014-11-12 오후 2:17:25;오전 12:00:40;Normal call clearing;
3;6500;2014-11-12 오후 2:12:43;오전 12:00:23;Normal call clearing;
3;6500;2014-11-12 오후 1:57:10;오전 12:00:47;Normal call clearing;
3;6500;2014-11-12 오후 1:52:50;오전 12:00:15;Normal call clearing;
3;6500;2014-11-12 오후 1:42:38;오전 12:00:44;Normal call clearing;
3;6500;2014-11-12 오후 1:40:03;오전 12:00:44;Normal call clearing;
0;;2014-11-12 오후 1:39:55;오전 12:00:19;Normal call clearing;
0;;2014-11-12 오후 1:39:47;오전 12:00:07;Normal call clearing;
3;6500;2014-11-12 오후 1:38:04;오전 12:00:47;Normal call clearing;
3;6500;2014-11-12 오후 1:31:16;오전 12:00:08;Normal call clearing;
3;6500;2014-11-12 오후 1:28:39;오전 12:00:08;Normal call clearing;
3;6500;2014-11-12 오후 1:27:14;오전 12:00:47;Normal call clearing;
3;6500;2014-11-12 오후 1:17:58;오전 12:00:10;Normal call clearing;
3;6500;2014-11-12 오후 12:58:37;오전 12:00:14;Normal call clearing;
3;6500;2014-11-12 오후 12:49:36;오전 12:00:08;Normal call clearing;
3;6500;2014-11-12 오후 12:46:59;오전 12:00:15;Normal call clearing;
3;6500;2014-11-12 오후 12:45:09;오전 12:00:17;Normal call clearing;
3;6500;2014-11-12 오전 11:48:08;오전 12:00:47;Normal call clearing;
3;6500;2014-11-12 오전 11:46:08;오전 12:00:40;Normal call clearing;
3;6500;2014-11-12 오전 11:20:39;오전 12:00:40;Normal call clearing;
3;6500;2014-11-12 오전 11:19:12;오전 12:00:40;Normal call clearing;
3;6500;2014-11-12 오전 11:14:27;오전 12:00:47;Normal call clearing;
3;6500;2014-11-12 오전 11:09:25;오전 12:00:47;Normal call clearing;
3;6500;2014-11-12 오전 11:07:53;오전 12:00:40;Normal call clearing;
3;6500;2014-11-12 오전 11:05:53;오전 12:00:47;Normal call clearing;
3;6500;2014-11-12 오전 11:03:25;오전 12:00:47;Normal call clearing;
3;6500;2014-11-12 오전 10:10:03;오전 12:00:47;Normal call clearing;
3;6500;2014-11-12 오전 10:03:51;오전 12:00:39;Normal call clearing;
3;6500;2014-11-12 오전 9:57:21;오전 12:00:28;Normal call clearing;
3;6500;2014-11-12 오전 9:53:08;오전 12:00:22;Normal call clearing;
3;6500;2014-11-12 오전 9:36:14;오전 12:00:47;Normal call clearing;
3;6500;2014-11-12 오전 9:35:12;오전 12:00:47;Normal call clearing;
3;6500;2014-11-12 오전 9:32:22;오전 12:00:47;Normal call clearing;
3;6500;2014-11-12 오전 9:31:23;오전 12:00:47;Normal call clearing;
0;6500;2014-11-12 오전 9:29:44;오전 12:00:00;503:Service Unavailable;
3;6500;2014-11-12 오전 9:29:26;오전 12:00:24;Normal call clearing;
3;6500;2014-11-12 오전 9:28:34;오전 12:00:47;Normal call clearing;
3;6500;2014-11-12 오전 9:26:46;오전 12:00:48;Normal call clearing;
3;6500;2014-11-12 오전 9:20:59;오전 12:00:43;Normal call clearing;
