3;5300;2015-04-22 오후 2:05:41;오전 12:00:54;Normal call clearing;
3;5003;2015-04-22 오후 1:40:58;오전 12:00:13;Normal call clearing;
0;5331;2015-04-22 오후 1:40:50;오전 12:00:02;Normal call clearing;
0;5300;2015-04-22 오후 1:40:45;오전 12:00:03;Normal call clearing;
3;5300;2015-04-22 오후 1:21:36;오전 12:00:32;Normal call clearing;
3;5300;2015-04-22 오전 9:22:58;오전 12:00:07;Normal call clearing;
3;5300;2015-04-22 오전 9:19:25;오전 12:00:04;Normal call clearing;
3;5300;2015-04-21 오후 6:02:05;오전 12:00:33;Normal call clearing;
3;5300;2015-04-21 오후 4:40:29;오전 12:13:28;Normal call clearing;
3;5300;2015-04-21 오후 4:03:55;오전 12:15:50;Normal call clearing;
3;5300;2015-04-21 오후 2:51:57;오전 12:00:13;Normal call clearing;
3;5300;2015-04-21 오후 2:38:40;오전 12:02:24;Normal call clearing;
3;5300;2015-04-21 오후 2:35:28;오전 12:03:03;Normal call clearing;
3;5300;2015-04-21 오후 2:30:17;오전 12:03:46;Normal call clearing;
3;5300;2015-04-21 오후 2:14:00;오전 12:05:53;Normal call clearing;
3;5300;2015-04-21 오후 1:23:49;오전 12:47:19;Normal call clearing;
3;5300;2015-04-21 오후 1:11:18;오전 12:00:41;Normal call clearing;
3;5300;2015-04-21 오후 1:07:48;오전 12:01:34;Normal call clearing;
0;5300;2015-04-21 오후 12:56:05;오전 12:00:04;Normal call clearing;
0;5300;2015-04-21 오후 12:54:38;오전 12:00:05;Normal call clearing;
3;5300;2015-04-21 오전 11:58:23;오전 12:03:11;Normal call clearing;
3;5300;2015-04-21 오전 11:50:55;오전 12:00:21;Normal call clearing;
3;5300;2015-04-21 오전 11:38:35;오전 12:03:34;Normal call clearing;
3;5300;2015-04-21 오전 11:32:56;오전 12:00:55;Normal call clearing;
3;5300;2015-04-21 오전 11:26:39;오전 12:00:05;Normal call clearing;
3;5300;2015-04-21 오전 11:18:07;오전 12:00:24;Normal call clearing;
0;5300;2015-04-21 오전 10:21:31;오전 12:00:10;480:Temporarily Unavailable;
3;5300;2015-04-21 오전 10:19:02;오전 12:00:45;Normal call clearing;
3;5300;2015-04-21 오전 10:15:22;오전 12:03:32;Normal call clearing;
0;5300;2015-04-11 오후 4:46:16;오전 12:00:05;Normal call clearing;
0;5300;2015-04-11 오후 4:44:45;오전 12:00:20;Normal call clearing;
3;5300;2015-04-09 오후 5:39:23;오전 12:00:19;Normal call clearing;
3;5300;2015-04-09 오후 5:30:52;오전 12:00:07;Normal call clearing;
3;5300;2015-04-07 오후 4:17:31;오전 12:00:44;Normal call clearing;
3;5300;2015-04-07 오전 10:24:14;오전 12:00:40;Normal call clearing;
3;5300;2015-04-06 오후 4:13:06;오전 12:00:39;Normal call clearing;
3;5300;2015-04-06 오후 3:50:54;오전 12:00:08;Normal call clearing;
3;5300;2015-04-06 오후 3:40:06;오전 12:00:08;Normal call clearing;
0;5300;2015-04-06 오후 2:06:10;오전 12:00:05;Normal call clearing;
3;5300;2015-04-06 오후 1:12:47;오전 12:00:07;Normal call clearing;
3;5300;2015-04-06 오후 1:12:01;오전 12:00:24;Normal call clearing;
3;5300;2015-04-03 오후 8:25:06;오전 12:00:45;Normal call clearing;
3;5300;2015-04-03 오후 8:18:21;오전 12:00:02;Normal call clearing;
3;5300;2015-04-03 오후 8:17:12;오전 12:00:27;Normal call clearing;
3;5300;2015-04-03 오후 8:16:32;오전 12:00:18;Normal call clearing;
3;5300;2015-04-03 오후 8:15:12;오전 12:00:35;Normal call clearing;
3;5300;2015-04-03 오후 8:11:10;오전 12:01:27;Normal call clearing;
3;5300;2015-04-03 오후 8:09:52;오전 12:01:10;Normal call clearing;
3;5300;2015-04-03 오후 8:07:26;오전 12:01:49;Normal call clearing;
3;5100;2015-04-02 오후 2:07:29;오전 12:00:23;Normal call clearing;
3;5100;2015-04-02 오후 2:01:11;오전 12:00:23;Normal call clearing;
3;5100;2015-04-02 오후 2:00:00;오전 12:00:23;Normal call clearing;
3;5100;2015-04-02 오후 1:58:53;오전 12:00:24;Normal call clearing;
3;5100;2015-04-02 오후 1:58:09;오전 12:00:23;Normal call clearing;
3;5100;2015-04-02 오후 1:57:05;오전 12:00:23;Normal call clearing;
3;5100;2015-04-02 오후 1:52:31;오전 12:00:24;Normal call clearing;
3;5100;2015-04-02 오후 1:51:58;오전 12:00:23;Normal call clearing;
3;5100;2015-04-02 오후 1:42:21;오전 12:00:24;Normal call clearing;
3;5100;2015-04-02 오후 1:41:39;오전 12:00:23;Normal call clearing;
3;5101;2015-04-02 오후 1:40:31;오전 12:00:17;Normal call clearing;
3;5100;2015-04-02 오후 1:34:52;오전 12:00:24;Normal call clearing;
3;5100;2015-04-02 오후 1:31:40;오전 12:00:23;Normal call clearing;
3;5100;2015-04-02 오후 1:29:37;오전 12:00:24;Normal call clearing;
0;;2015-04-02 오후 1:29:29;오전 12:00:01;Normal call clearing;
3;5100;2015-04-02 오후 1:28:57;오전 12:00:24;Normal call clearing;
3;5100;2015-04-02 오후 1:28:17;오전 12:00:23;Normal call clearing;
3;5100;2015-04-02 오후 1:18:04;오전 12:00:23;Normal call clearing;
3;5100;2015-04-02 오후 1:16:51;오전 12:00:23;Normal call clearing;
3;5100;2015-04-02 오후 1:14:24;오전 12:00:23;Normal call clearing;
3;5100;2015-04-02 오후 1:13:21;오전 12:00:23;Normal call clearing;
3;5100;2015-04-02 오후 1:02:16;오전 12:00:23;Normal call clearing;
3;5100;2015-04-02 오후 12:57:53;오전 12:00:23;Normal call clearing;
3;5100;2015-04-02 오후 12:50:18;오전 12:00:23;Normal call clearing;
3;5100;2015-04-02 오후 12:31:30;오전 12:00:23;Normal call clearing;
3;5100;2015-04-02 오전 11:39:44;오전 12:00:23;Normal call clearing;
3;5100;2015-04-02 오전 11:20:18;오전 12:00:23;Normal call clearing;
3;5100;2015-04-02 오전 10:41:16;오전 12:00:23;Normal call clearing;
3;5100;2015-04-02 오전 10:40:03;오전 12:00:09;Normal call clearing;
3;5100;2015-04-01 오후 11:06:38;오전 12:00:40;Normal call clearing;
3;5100;2015-04-01 오후 9:58:48;오전 12:00:51;Normal call clearing;
3;5100;2015-04-01 오후 9:35:14;오전 12:00:51;Normal call clearing;
3;5100;2015-04-01 오후 9:33:25;오전 12:00:51;Normal call clearing;
3;5100;2015-04-01 오후 9:32:36;오전 12:00:33;Normal call clearing;
1;5100;2015-04-01 오후 9:30:50;오전 12:00:00;500:Server Internal Error;
3;5100;2015-04-01 오후 9:27:20;오전 12:00:05;Normal call clearing;
0;5999;2015-04-01 오후 9:25:43;오전 12:00:00;503:Service Unavailable;
3;5000;2015-04-01 오후 9:25:29;오전 12:00:08;Normal call clearing;
0;5999;2015-04-01 오후 9:24:48;오전 12:00:00;503:Service Unavailable;
3;5300;2015-03-25 오후 8:28:28;오전 12:00:51;Normal call clearing;
3;5300;2015-03-25 오후 8:27:14;오전 12:01:03;Normal call clearing;
3;5300;2015-03-25 오후 8:19:54;오전 12:00:07;Normal call clearing;
0;5300;2015-03-25 오후 8:10:04;오전 12:00:00;403:Forbidden;
0;5300;2015-03-25 오후 8:09:24;오전 12:00:00;403:Forbidden;
0;5300;2015-03-25 오후 8:09:12;오전 12:00:00;403:Forbidden;
3;5300;2015-03-25 오후 6:11:24;오전 12:00:41;Normal call clearing;
1;5300;2015-03-25 오후 6:10:58;오전 12:00:01;Normal call clearing;
3;5300;2015-03-25 오후 6:10:49;오전 12:00:00;Normal call clearing;
3;5300;2015-03-25 오후 6:09:55;오전 12:00:09;Normal call clearing;
3;5300;2015-03-25 오후 6:06:53;오전 12:00:03;Normal call clearing;
3;5300;2015-03-25 오후 6:05:37;오전 12:00:28;Normal call clearing;
3;5300;2015-03-20 오후 5:25:11;오전 12:00:17;Normal call clearing;
3;5300;2015-03-20 오후 4:16:27;오전 12:00:29;Normal call clearing;
0;5300;2015-03-20 오후 4:14:17;오전 12:00:10;480:Temporarily Unavailable;
3;5300;2015-03-20 오후 4:01:22;오전 12:00:26;Normal call clearing;
3;5300;2015-03-20 오후 3:55:35;오전 12:00:25;Normal call clearing;
1;5300;2015-03-20 오후 3:52:10;오전 12:00:03;Normal call clearing;
0;5300;2015-03-20 오후 3:51:48;오전 12:00:04;Normal call clearing;
0;5300;2015-03-20 오후 3:51:29;오전 12:00:07;406:Not Acceptable;
0;5300;2015-03-20 오후 3:50:00;오전 12:00:10;480:Temporarily Unavailable;
3;5300;2015-03-20 오후 3:49:33;오전 12:00:09;Normal call clearing;
0;5300;2015-03-06 오후 11:35:29;오전 12:00:00;486:Busy Here;
3;5901;2015-02-04 오후 1:15:59;오전 12:00:23;Normal call clearing;
3;5901;2015-02-04 오후 1:11:08;오전 12:00:23;Normal call clearing;
3;5901;2015-02-04 오전 11:53:24;오전 12:00:24;Normal call clearing;
3;5901;2015-02-04 오전 11:39:41;오전 12:00:21;Normal call clearing;
0;5901;2015-02-04 오전 11:05:30;오전 12:00:00;503:Service Unavailable;
0;5901;2015-02-04 오전 11:02:39;오전 12:00:00;503:Service Unavailable;
3;5901;2014-12-29 오후 4:02:29;오전 12:00:21;Normal call clearing;
3;5901;2014-12-29 오후 3:55:57;오전 12:00:21;Normal call clearing;
3;5901;2014-12-29 오후 2:32:28;오전 12:00:21;Normal call clearing;
3;5901;2014-12-29 오후 2:20:57;오전 12:00:21;Normal call clearing;
3;5901;2014-12-29 오후 2:18:16;오전 12:00:21;Normal call clearing;
3;5901;2014-12-29 오후 2:16:42;오전 12:00:21;Normal call clearing;
3;5901;2014-12-29 오후 2:10:14;오전 12:00:21;Normal call clearing;
3;5901;2014-12-29 오후 2:07:49;오전 12:00:21;Normal call clearing;
3;5901;2014-12-29 오후 2:00:10;오전 12:00:21;Normal call clearing;
3;5901;2014-12-29 오후 1:51:36;오전 12:00:28;Normal call clearing;
3;5901;2014-12-23 오후 1:22:40;오전 12:00:21;Normal call clearing;
3;5901;2014-12-23 오후 1:17:31;오전 12:00:28;Normal call clearing;
3;5901;2014-12-23 오전 11:13:24;오전 12:00:21;Normal call clearing;
3;5901;2014-12-23 오전 10:15:37;오전 12:00:49;Normal call clearing;
3;5901;2014-12-23 오전 10:14:55;오전 12:00:28;Normal call clearing;
3;5901;2014-12-19 오후 6:32:03;오전 12:00:49;Normal call clearing;
3;5901;2014-12-19 오후 6:31:33;오전 12:00:15;Normal call clearing;
3;5901;2014-12-19 오후 6:25:58;오전 12:00:05;Normal call clearing;
3;5901;2014-12-19 오후 6:06:38;오전 12:00:49;Normal call clearing;
3;5901;2014-12-19 오후 6:05:54;오전 12:00:17;Normal call clearing;
3;5901;2014-12-19 오후 6:01:30;오전 12:00:56;Normal call clearing;
0;5901;2014-12-19 오후 6:01:07;오전 12:00:01;503:Service Unavailable;
3;5901;2014-12-19 오후 6:00:20;오전 12:00:56;Normal call clearing;
3;5901;2014-12-19 오후 5:59:17;오전 12:00:26;Normal call clearing;
3;5901;2014-12-19 오후 5:55:30;오전 12:00:01;Normal call clearing;
3;5901;2014-12-19 오후 5:52:04;오전 12:00:13;Normal call clearing;
3;5901;2014-12-19 오후 4:39:44;오전 12:00:14;Normal call clearing;
3;5901;2014-12-19 오후 4:22:47;오전 12:00:53;Normal call clearing;
3;5901;2014-12-19 오후 4:17:56;오전 12:01:23;Normal call clearing;
3;5901;2014-12-19 오후 4:16:39;오전 12:01:02;Normal call clearing;
3;5901;2014-12-19 오후 4:15:55;오전 12:00:37;Normal call clearing;
3;5901;2014-12-19 오후 4:13:01;오전 12:00:47;Normal call clearing;
3;5901;2014-12-19 오후 4:09:19;오전 12:01:23;Normal call clearing;
3;5901;2014-12-19 오후 4:06:20;오전 12:01:21;Normal call clearing;
3;5901;2014-12-19 오후 4:03:20;오전 12:01:04;Normal call clearing;
3;5901;2014-12-19 오후 4:02:20;오전 12:00:51;Normal call clearing;
3;5901;2014-12-19 오후 3:59:22;오전 12:00:52;Normal call clearing;
3;5901;2014-12-19 오후 3:59:07;오전 12:00:12;Normal call clearing;
3;5901;2014-12-19 오후 3:58:28;오전 12:00:11;Normal call clearing;
3;5901;2014-12-19 오후 3:58:08;오전 12:00:16;Normal call clearing;
3;5901;2014-12-19 오후 3:56:59;오전 12:01:06;Normal call clearing;
3;5901;2014-12-19 오후 3:56:06;오전 12:00:48;Normal call clearing;
3;5901;2014-12-19 오후 3:27:42;오전 12:01:23;Normal call clearing;
3;5901;2014-12-19 오후 3:25:11;오전 12:01:19;Normal call clearing;
3;5901;2014-12-19 오후 3:23:35;오전 12:00:24;Normal call clearing;
3;5901;2014-12-15 오후 12:50:45;오전 12:00:03;Normal call clearing;
3;5001;2014-12-15 오후 12:48:47;오전 12:00:06;Normal call clearing;
3;5901;2014-12-15 오후 12:48:34;오전 12:00:05;Normal call clearing;
0;3010;2014-12-09 오후 3:31:17;오전 12:00:32;408:Request Timeout;
0;3007;2014-12-09 오후 3:28:53;오전 12:00:32;408:Request Timeout;
0;3010;2014-12-09 오후 3:27:46;오전 12:00:32;408:Request Timeout;
0;3010;2014-12-09 오후 3:25:03;오전 12:00:32;408:Request Timeout;
0;3012;2014-12-09 오후 3:24:54;오전 12:00:32;408:Request Timeout;
0;3011;2014-12-09 오후 3:24:50;오전 12:00:32;408:Request Timeout;
0;3008;2014-12-09 오후 3:24:46;오전 12:00:32;408:Request Timeout;
0;3010;2014-12-09 오후 3:24:37;오전 12:00:05;Normal call clearing;
0;3007;2014-12-09 오후 3:24:30;오전 12:00:04;Normal call clearing;
0;3012;2014-12-09 오후 3:23:38;오전 12:00:32;408:Request Timeout;
0;2012;2014-12-09 오후 3:23:33;오전 12:00:02;Normal call clearing;
0;3011;2014-12-09 오후 3:23:24;오전 12:00:06;Normal call clearing;
0;3012;2014-12-09 오후 3:22:45;오전 12:00:32;408:Request Timeout;
0;3007;2014-12-09 오후 3:21:25;오전 12:00:32;408:Request Timeout;
0;3007;2014-12-09 오후 3:19:38;오전 12:00:32;408:Request Timeout;
0;3007;2014-12-09 오후 3:13:29;오전 12:00:32;408:Request Timeout;
0;3007;2014-12-09 오후 3:11:16;오전 12:00:32;408:Request Timeout;
0;5100;2014-12-09 오후 2:59:43;오전 12:00:32;408:Request Timeout;
3;3002;2014-12-09 오후 12:57:32;오전 12:00:24;Normal call clearing;
3;3002;2014-12-09 오후 12:09:23;오전 12:00:37;Normal call clearing;
1;3002;2014-12-09 오전 11:38:48;오전 12:00:01;403:Forbidden;
1;3003;2014-12-09 오전 11:36:22;오전 12:00:01;Normal call clearing;
0;3028;2014-12-09 오전 11:36:12;오전 12:00:00;503:Service Unavailable;
1;3001;2014-12-09 오전 11:35:50;오전 12:00:01;Normal call clearing;
1;3004;2014-12-09 오전 11:35:42;오전 12:00:02;Normal call clearing;
1;3002;2014-12-09 오전 11:35:33;오전 12:00:04;403:Forbidden;
3;5001;2014-12-04 오전 11:30:15;오전 12:00:02;Normal call clearing;
0;5906;2014-12-04 오전 11:30:10;오전 12:00:00;503:Service Unavailable;
0;5906;2014-12-04 오전 11:30:01;오전 12:00:00;503:Service Unavailable;
3;5001;2014-12-04 오전 10:52:09;오전 12:00:39;Normal call clearing;
3;5001;2014-12-04 오전 9:58:35;오전 12:00:22;Normal call clearing;
3;5001;2014-12-04 오전 9:56:42;오전 12:00:13;Normal call clearing;
3;5001;2014-12-04 오전 9:48:06;오전 12:00:34;Normal call clearing;
3;5001;2014-12-04 오전 9:35:42;오전 12:00:21;Normal call clearing;
3;5001;2014-12-03 오후 6:31:30;오전 12:00:49;Normal call clearing;
3;5001;2014-12-03 오후 6:29:48;오전 12:00:49;Normal call clearing;
3;5001;2014-12-03 오후 6:28:50;오전 12:00:49;Normal call clearing;
0;5100;2014-12-03 오후 6:28:45;오전 12:00:00;503:Service Unavailable;
3;5001;2014-12-03 오후 6:27:37;오전 12:00:37;Normal call clearing;
3;5001;2014-12-03 오후 6:23:56;오전 12:00:21;Normal call clearing;
3;5001;2014-12-03 오후 6:23:01;오전 12:00:49;Normal call clearing;
3;5001;2014-12-03 오후 6:22:07;오전 12:00:14;Normal call clearing;
3;5001;2014-12-03 오후 6:21:34;오전 12:00:22;Normal call clearing;
3;5001;2014-12-03 오후 5:46:16;오전 12:00:15;Normal call clearing;
3;5001;2014-12-03 오후 5:44:53;오전 12:00:20;Normal call clearing;
3;5001;2014-12-03 오후 5:42:47;오전 12:00:48;Normal call clearing;
3;5001;2014-12-03 오후 5:40:58;오전 12:00:28;Normal call clearing;
3;5001;2014-12-03 오후 5:38:05;오전 12:00:35;Normal call clearing;
3;5001;2014-12-03 오후 5:37:04;오전 12:00:43;Normal call clearing;
3;5001;2014-12-03 오후 5:36:40;오전 12:00:23;Normal call clearing;
3;5001;2014-12-03 오후 5:36:13;오전 12:00:24;Normal call clearing;
3;5001;2014-12-03 오후 5:34:34;오전 12:00:23;Normal call clearing;
3;5001;2014-12-03 오후 5:33:40;오전 12:00:14;Normal call clearing;
3;5001;2014-12-03 오후 5:30:49;오전 12:00:49;Normal call clearing;
3;5001;2014-12-03 오후 5:25:55;오전 12:00:31;Normal call clearing;
3;5001;2014-12-03 오후 5:05:03;오전 12:00:48;Normal call clearing;
3;5001;2014-12-03 오후 3:59:03;오전 12:00:40;Normal call clearing;
3;5001;2014-12-03 오후 3:50:19;오전 12:00:49;Normal call clearing;
3;5001;2014-12-03 오후 3:19:36;오전 12:00:36;Normal call clearing;
3;5001;2014-12-03 오후 1:48:50;오전 12:00:49;Normal call clearing;
3;5001;2014-12-03 오후 1:40:08;오전 12:00:28;Normal call clearing;
3;5001;2014-12-03 오후 1:32:58;오전 12:00:19;Normal call clearing;
3;5001;2014-12-03 오전 11:30:47;오전 12:00:28;Normal call clearing;
3;5001;2014-12-03 오전 10:28:23;오전 12:00:47;Normal call clearing;
3;5001;2014-12-03 오전 10:26:44;오전 12:00:31;Normal call clearing;
3;5001;2014-12-03 오전 10:16:13;오전 12:00:07;Normal call clearing;
3;5001;2014-12-03 오전 10:15:57;오전 12:00:10;Normal call clearing;
0;;2014-12-03 오전 10:14:03;오전 12:00:04;Normal call clearing;
3;5001;2014-12-03 오전 10:13:52;오전 12:00:09;Normal call clearing;
3;5000;2014-12-03 오전 10:01:14;오전 12:00:40;Normal call clearing;
0;6500;2014-12-03 오전 10:00:50;오전 12:00:00;503:Service Unavailable;
3;3001;2014-12-02 오전 11:34:44;오전 12:00:12;Normal call clearing;
0;;2014-12-02 오전 11:34:39;오전 12:00:01;Normal call clearing;
3;3001;2014-12-02 오전 11:26:18;오전 12:00:17;Normal call clearing;
0;3028;2014-12-02 오전 11:26:09;오전 12:00:00;503:Service Unavailable;
3;3001;2014-11-27 오후 4:22:40;오전 12:00:22;Normal call clearing;
3;3001;2014-11-27 오후 4:17:38;오전 12:00:09;Normal call clearing;
3;3001;2014-11-27 오후 4:16:52;오전 12:00:18;Normal call clearing;
3;3001;2014-11-27 오후 4:14:03;오전 12:00:54;Normal call clearing;
3;3001;2014-11-27 오후 4:11:29;오전 12:00:26;Normal call clearing;
3;3001;2014-11-27 오후 4:10:22;오전 12:00:41;Normal call clearing;
3;3002;2014-11-27 오후 3:42:42;오전 12:00:23;Normal call clearing;
3;3028;2014-11-27 오후 2:53:31;오전 12:00:05;Normal call clearing;
3;3028;2014-11-27 오후 2:52:38;오전 12:00:43;Normal call clearing;
3;3029;2014-11-27 오후 2:42:41;오전 12:00:48;Normal call clearing;
3;3001;2014-11-27 오후 2:34:17;오전 12:00:45;Normal call clearing;
0;3001;2014-11-27 오후 2:33:40;오전 12:00:18;Normal call clearing;
0;3001;2014-11-27 오후 2:30:00;오전 12:00:32;408:Request Timeout;
3;3028;2014-11-27 오후 2:00:57;오전 12:00:07;Normal call clearing;
3;3029;2014-11-27 오후 2:00:43;오전 12:00:08;Normal call clearing;
3;3029;2014-11-27 오후 1:54:23;오전 12:00:09;Normal call clearing;
3;3029;2014-11-27 오후 1:51:04;오전 12:00:07;Normal call clearing;
3;3029;2014-11-27 오후 1:48:57;오전 12:00:15;Normal call clearing;
3;3029;2014-11-27 오후 1:48:39;오전 12:00:11;Normal call clearing;
1;3004;2014-11-27 오후 1:48:32;오전 12:00:00;503:Service Unavailable;
3;3029;2014-11-27 오후 1:47:52;오전 12:00:31;Normal call clearing;
1;3001;2014-11-27 오후 1:47:45;오전 12:00:00;503:Service Unavailable;
1;3001;2014-11-27 오후 1:47:40;오전 12:00:00;503:Service Unavailable;
3;3029;2014-11-27 오후 1:47:29;오전 12:00:07;Normal call clearing;
0;3029;2014-11-27 오후 12:53:47;오전 12:00:32;408:Request Timeout;
3;3004;2014-11-25 오전 11:04:30;오전 12:00:12;Normal call clearing;
3;3001;2014-11-20 오후 4:59:26;오전 12:00:18;Normal call clearing;
3;3001;2014-11-20 오후 4:51:21;오전 12:00:11;Normal call clearing;
3;3001;2014-11-20 오후 4:50:01;오전 12:00:13;Normal call clearing;
3;6500;2014-11-20 오전 10:06:44;오전 12:00:04;Normal call clearing;
3;6500;2014-11-20 오전 9:48:36;오전 12:00:08;Normal call clearing;
3;6500;2014-11-20 오전 9:46:28;오전 12:00:41;Normal call clearing;
3;6500;2014-11-20 오전 9:44:49;오전 12:00:20;Normal call clearing;
3;6500;2014-11-19 오후 5:47:03;오전 12:00:14;Normal call clearing;
3;6500;2014-11-19 오후 5:43:16;오전 12:00:01;Normal call clearing;
3;6500;2014-11-19 오후 5:43:03;오전 12:00:08;Normal call clearing;
3;6500;2014-11-19 오후 5:40:48;오전 12:00:00;Normal call clearing;
3;6500;2014-11-19 오후 5:40:39;오전 12:00:04;Normal call clearing;
3;6500;2014-11-19 오후 5:38:50;오전 12:00:41;Normal call clearing;
3;6500;2014-11-19 오후 5:36:46;오전 12:00:41;Normal call clearing;
3;6500;2014-11-19 오후 5:16:46;오전 12:00:41;Normal call clearing;
3;6500;2014-11-19 오후 5:05:43;오전 12:00:03;Normal call clearing;
0;6500;2014-11-19 오후 4:33:56;오전 12:00:00;503:Service Unavailable;
3;6500;2014-11-19 오후 4:33:53;오전 12:00:41;Normal call clearing;
3;6500;2014-11-19 오후 4:33:42;오전 12:00:00;Normal call clearing;
0;;2014-11-19 오후 4:33:38;오전 12:00:19;Normal call clearing;
3;6500;2014-11-19 오후 4:33:28;오전 12:00:03;Normal call clearing;
3;6500;2014-11-19 오후 4:32:56;오전 12:00:06;Normal call clearing;
3;6500;2014-11-19 오후 4:28:43;오전 12:00:00;Normal call clearing;
3;6500;2014-11-19 오후 4:27:39;오전 12:00:37;Normal call clearing;
3;6500;2014-11-19 오후 4:26:43;오전 12:00:01;Normal call clearing;
3;6500;2014-11-19 오후 4:21:22;오전 12:00:41;Normal call clearing;
3;6500;2014-11-19 오후 3:41:25;오전 12:00:40;Normal call clearing;
3;6500;2014-11-19 오후 3:27:42;오전 12:00:40;Normal call clearing;
3;6500;2014-11-19 오후 3:26:17;오전 12:00:40;Normal call clearing;
3;6500;2014-11-19 오후 3:25:28;오전 12:00:35;Normal call clearing;
3;6500;2014-11-19 오후 3:23:50;오전 12:00:47;Normal call clearing;
3;6500;2014-11-19 오후 3:23:12;오전 12:00:06;Normal call clearing;
3;6500;2014-11-19 오후 3:18:11;오전 12:00:40;Normal call clearing;
3;6500;2014-11-19 오후 3:12:39;오전 12:00:54;Normal call clearing;
3;6500;2014-11-19 오후 3:08:44;오전 12:00:54;Normal call clearing;
3;6500;2014-11-19 오후 3:07:13;오전 12:00:53;Normal call clearing;
3;6500;2014-11-19 오후 3:06:06;오전 12:00:54;Normal call clearing;
3;6500;2014-11-19 오후 3:04:00;오전 12:01:00;Normal call clearing;
3;6500;2014-11-19 오후 2:53:01;오전 12:01:00;Normal call clearing;
3;6500;2014-11-19 오후 2:51:04;오전 12:01:00;Normal call clearing;
3;6500;2014-11-19 오후 2:43:47;오전 12:00:54;Normal call clearing;
3;6500;2014-11-19 오후 2:42:29;오전 12:00:54;Normal call clearing;
3;6500;2014-11-19 오후 2:40:59;오전 12:00:54;Normal call clearing;
3;6500;2014-11-19 오후 2:40:09;오전 12:00:44;Normal call clearing;
3;6500;2014-11-19 오후 2:36:26;오전 12:00:54;Normal call clearing;
3;6500;2014-11-19 오후 2:34:29;오전 12:00:27;Normal call clearing;
3;6500;2014-11-19 오후 2:34:04;오전 12:00:17;Normal call clearing;
3;6500;2014-11-19 오후 2:31:41;오전 12:01:00;Normal call clearing;
3;6500;2014-11-19 오후 2:29:23;오전 12:01:00;Normal call clearing;
3;6500;2014-11-19 오후 2:28:06;오전 12:00:57;Normal call clearing;
0;;2014-11-19 오후 2:27:57;오전 12:00:19;Normal call clearing;
3;6500;2014-11-19 오후 2:27:10;오전 12:00:33;Normal call clearing;
3;6500;2014-11-19 오후 2:23:41;오전 12:01:00;Normal call clearing;
3;6500;2014-11-19 오후 2:14:13;오전 12:01:00;Normal call clearing;
3;6500;2014-11-19 오후 2:13:36;오전 12:00:12;Normal call clearing;
3;6500;2014-11-19 오후 2:10:21;오전 12:00:40;Normal call clearing;
3;6500;2014-11-19 오후 2:08:49;오전 12:01:00;Normal call clearing;
3;6500;2014-11-19 오후 2:03:09;오전 12:01:00;Normal call clearing;
3;6500;2014-11-19 오후 1:59:40;오전 12:01:00;Normal call clearing;
3;6500;2014-11-19 오후 1:58:07;오전 12:01:00;Normal call clearing;
3;6500;2014-11-19 오후 1:56:31;오전 12:00:32;Normal call clearing;
3;6500;2014-11-19 오후 1:55:05;오전 12:00:40;Normal call clearing;
3;6500;2014-11-19 오후 1:54:18;오전 12:00:36;Normal call clearing;
3;6500;2014-11-12 오후 3:32:59;오전 12:00:13;Normal call clearing;
3;6500;2014-11-12 오후 3:19:24;오전 12:00:22;Normal call clearing;
3;6500;2014-11-12 오후 3:11:10;오전 12:00:47;Normal call clearing;
3;6500;2014-11-12 오후 3:06:34;오전 12:00:47;Normal call clearing;
3;6500;2014-11-12 오후 3:02:03;오전 12:00:47;Normal call clearing;
3;6500;2014-11-12 오후 2:59:46;오전 12:00:11;Normal call clearing;
3;6500;2014-11-12 오후 2:50:37;오전 12:00:44;Normal call clearing;
3;6500;2014-11-12 오후 2:17:25;오전 12:00:40;Normal call clearing;
3;6500;2014-11-12 오후 2:12:43;오전 12:00:23;Normal call clearing;
3;6500;2014-11-12 오후 1:57:10;오전 12:00:47;Normal call clearing;
3;6500;2014-11-12 오후 1:52:50;오전 12:00:15;Normal call clearing;
3;6500;2014-11-12 오후 1:42:38;오전 12:00:44;Normal call clearing;
3;6500;2014-11-12 오후 1:40:03;오전 12:00:44;Normal call clearing;
0;;2014-11-12 오후 1:39:55;오전 12:00:19;Normal call clearing;
0;;2014-11-12 오후 1:39:47;오전 12:00:07;Normal call clearing;
3;6500;2014-11-12 오후 1:38:04;오전 12:00:47;Normal call clearing;
3;6500;2014-11-12 오후 1:31:16;오전 12:00:08;Normal call clearing;
3;6500;2014-11-12 오후 1:28:39;오전 12:00:08;Normal call clearing;
3;6500;2014-11-12 오후 1:27:14;오전 12:00:47;Normal call clearing;
3;6500;2014-11-12 오후 1:17:58;오전 12:00:10;Normal call clearing;
3;6500;2014-11-12 오후 12:58:37;오전 12:00:14;Normal call clearing;
3;6500;2014-11-12 오후 12:49:36;오전 12:00:08;Normal call clearing;
3;6500;2014-11-12 오후 12:46:59;오전 12:00:15;Normal call clearing;
3;6500;2014-11-12 오후 12:45:09;오전 12:00:17;Normal call clearing;
3;6500;2014-11-12 오전 11:48:08;오전 12:00:47;Normal call clearing;
3;6500;2014-11-12 오전 11:46:08;오전 12:00:40;Normal call clearing;
3;6500;2014-11-12 오전 11:20:39;오전 12:00:40;Normal call clearing;
3;6500;2014-11-12 오전 11:19:12;오전 12:00:40;Normal call clearing;
3;6500;2014-11-12 오전 11:14:27;오전 12:00:47;Normal call clearing;
3;6500;2014-11-12 오전 11:09:25;오전 12:00:47;Normal call clearing;
3;6500;2014-11-12 오전 11:07:53;오전 12:00:40;Normal call clearing;
3;6500;2014-11-12 오전 11:05:53;오전 12:00:47;Normal call clearing;
3;6500;2014-11-12 오전 11:03:25;오전 12:00:47;Normal call clearing;
3;6500;2014-11-12 오전 10:10:03;오전 12:00:47;Normal call clearing;
3;6500;2014-11-12 오전 10:03:51;오전 12:00:39;Normal call clearing;
3;6500;2014-11-12 오전 9:57:21;오전 12:00:28;Normal call clearing;
3;6500;2014-11-12 오전 9:53:08;오전 12:00:22;Normal call clearing;
3;6500;2014-11-12 오전 9:36:14;오전 12:00:47;Normal call clearing;
3;6500;2014-11-12 오전 9:35:12;오전 12:00:47;Normal call clearing;
3;6500;2014-11-12 오전 9:32:22;오전 12:00:47;Normal call clearing;
3;6500;2014-11-12 오전 9:31:23;오전 12:00:47;Normal call clearing;
0;6500;2014-11-12 오전 9:29:44;오전 12:00:00;503:Service Unavailable;
3;6500;2014-11-12 오전 9:29:26;오전 12:00:24;Normal call clearing;
3;6500;2014-11-12 오전 9:28:34;오전 12:00:47;Normal call clearing;
3;6500;2014-11-12 오전 9:26:46;오전 12:00:48;Normal call clearing;
3;6500;2014-11-12 오전 9:20:59;오전 12:00:43;Normal call clearing;
